Country	Installation ID	Year	NER allocation
EE	5	 2013 	12812 ****
EE	5	 2014 	10981 ****
EE	5	 2015 	118134 
EE	5	 2016 	113272 
EE	5	 2017 	108511 
EE	5	 2018 	103850 
EE	5	 2019 	99286 
EE	5	 2020 	94826 
CZ	167	 2013 	68706 ****
CZ	167	 2014 	58891 ****
CZ	167	 2015 	29444 ****
CZ	167	 2016 	68850 
CZ	167	 2017 	67586 
CZ	167	 2018 	66322 
CZ	167	 2019 	65058 
CZ	167	 2020 	63794 
CY	210000000000004	 2013 	317509 
CY	210000000000004	 2014 	311984 
CY	210000000000004	 2015 	306460 
CY	210000000000004	 2016 	300935 
CY	210000000000004	 2017 	295410 
CY	210000000000004	 2018 	289886 
CY	210000000000004	 2019 	284361 
CY	210000000000004	 2020 	278836 
DK	62	 2014 	1870 
DK	62	 2015 	10076 
DK	62	 2016 	8819 
DK	62	 2017 	7602 
DK	62	 2018 	6424 
DK	62	 2019 	5284 
DK	62	 2020 	4186 
FI	432	 2013 	12360 
FI	432	 2014 	12145 
FI	432	 2015 	11930 
FI	432	 2016 	11715 
FI	432	 2017 	11500 
FI	432	 2018 	11285 
FI	432	 2019 	11070 
FI	432	 2020 	10855 
CZ	177	 2013 	178 
CZ	177	 2014 	1047 
CZ	177	 2015 	1029 
CZ	177	 2016 	1010 
CZ	177	 2017 	992 
CZ	177	 2018 	973 
CZ	177	 2019 	955 
CZ	177	 2020 	936 
HU	18	 2013 	231001 
HU	18	 2014 	226981 
HU	18	 2015 	222962 
HU	18	 2016 	218942 
HU	18	 2017 	214923 
HU	18	 2018 	210903 
HU	18	 2019 	206885 
HU	18	 2020 	202864 
HR	204295	 2014 	9319 
HR	204295	 2015 	13638 
HR	204295	 2016 	13392 
HR	204295	 2017 	13147 
HR	204295	 2018 	12901 
HR	204295	 2019 	12655 
HR	204295	 2020 	12409 
CZ	425	 2013 	18401 
CZ	425	 2014 	7864 
CZ	425	 2015 	3281 
CZ	425	 2016 	2872 
CZ	425	 2017 	2476 
CZ	425	 2018 	2093 
CZ	425	 2019 	1722 
CZ	425	 2020 	1365 
EE	38	 2013 	22786 
EE	38	 2014 	22390 
EE	38	 2015 	21993 
EE	38	 2016 	21597 
EE	38	 2017 	21200 
EE	38	 2018 	20804 
EE	38	 2019 	20407 
EE	38	 2020 	20011 
DK	314	 2014 	3435 
DK	314	 2015 	5421 
DK	314	 2016 	5323 
DK	314	 2017 	5226 
DK	314	 2018 	5127 
DK	314	 2019 	5029 
DK	314	 2020 	4932 
AT	32	 2013 	14404 
EE	57	 2014 	108594 
AT	32	 2014 	12890 
AT	32	 2015 	11419 
EE	57	 2015 	276134 
AT	32	 2016 	9995 
EE	57	 2016 	271157 
EE	57	 2017 	266178 
AT	32	 2017 	8615 
EE	57	 2018 	261200 
AT	32	 2018 	7281 
EE	57	 2019 	256222 
AT	32	 2019 	5989 
EE	57	 2020 	251244 
AT	32	 2020 	4744 
EE	58	 2013 	7326 
EE	58	 2014 	6556 
EE	58	 2015 	5808 
EE	58	 2016 	5084 
EE	58	 2017 	4382 
EE	58	 2018 	3703 
EE	58	 2019 	3046 
EE	58	 2020 	2413 
FI	444	 2013 	129360 
FI	444	 2014 	127109 
FI	444	 2015 	124858 
FI	444	 2016 	122608 
FI	444	 2017 	120357 
FI	444	 2018 	118106 
FI	444	 2019 	115855 
FI	444	 2020 	113604 
DE	4144	 2013 	13737 
DE	4144	 2014 	12294 
DE	4144	 2015 	10892 
DE	4144	 2016 	9533 
DE	4144	 2017 	8218 
DE	4144	 2018 	6945 
DE	4144	 2019 	5713 
DE	4144	 2020 	4525 
AT	58	 2013 	499 
AT	58	 2014 	5263 
AT	58	 2015 	4662 
AT	58	 2016 	4081 
AT	58	 2017 	3517 
AT	58	 2018 	2973 
AT	58	 2019 	2445 
AT	58	 2020 	1937 
DE	4146	 2013 	6379 
DE	4146	 2014 	5709 
DE	4146	 2015 	5058 
DE	4146	 2016 	4427 
DE	4146	 2017 	3816 
DE	4146	 2018 	3225 
DE	4146	 2019 	2653 
DE	4146	 2020 	2101 
DE	4153	 2013 	5095 
DE	4153	 2014 	5008 
DE	4153	 2015 	4919 
DE	4153	 2016 	4830 
DE	4153	 2017 	4741 
DE	4153	 2018 	4653 
DE	4153	 2019 	4564 
DE	4153	 2020 	4475 
DE	880	 2013 	4880 
DE	880	 2014 	4370 
DE	880	 2015 	3870 
DE	880	 2016 	3388 
DE	880	 2017 	2920 
DE	880	 2018 	2469 
DE	880	 2019 	2032 
DE	880	 2020 	1609 
CZ	242	 2014 	528 
CZ	242	 2015 	1287 
CZ	242	 2016 	1263 
CZ	242	 2017 	1240 
CZ	242	 2018 	1217 
CZ	242	 2019 	1194 
CZ	242	 2020 	1170 
HU	96	 2013 	1199 
HU	96	 2014 	6423 
HU	96	 2015 	5690 
HU	96	 2016 	4980 
DE	4156	 2013 	15087 
HU	96	 2017 	4293 
DE	4156	 2014 	14825 
HU	96	 2018 	3628 
DE	4156	 2015 	9569 
DE	4156	 2016 	8376 
HU	96	 2019 	2984 
DE	4156	 2017 	7220 
HU	96	 2020 	2363 
DE	4156	 2018 	6101 
DE	4156	 2019 	5019 
DE	4156	 2020 	3975 
LV	32	 2013 	5582 
LV	32	 2014 	4996 
LV	32	 2015 	4426 
LV	32	 2016 	3874 
LV	32	 2017 	3339 
LV	32	 2018 	2822 
LV	32	 2019 	2321 
LV	32	 2020 	1838 
GR	113	 2014 	1085 
GR	113	 2015 	1817 
GR	113	 2016 	1784 
GR	113	 2017 	1752 
GR	113	 2018 	1719 
GR	113	 2019 	1686 
GR	113	 2020 	1654 
DE	4163	 2013 	40533 
DE	4163	 2014 	36273 
DE	4163	 2015 	32135 
DE	4163	 2016 	28126 
DE	4163	 2017 	24245 
DE	4163	 2018 	20488 
DE	4163	 2019 	16854 
DE	4163	 2020 	13349 
DE	4158	 2013 	538 
DE	4158	 2014 	1310 
DE	4158	 2015 	1161 
DE	4158	 2016 	1017 
DE	4158	 2017 	876 
DE	4158	 2018 	741 
IT	1243	 2013 	5687 
DE	4158	 2019 	610 
IT	1243	 2014 	5174 
IT	1243	 2015 	4584 
DE	4158	 2020 	483 
IT	1243	 2016 	4012 
IT	1243	 2017 	3458 
IT	1243	 2018 	2922 
IT	1243	 2019 	2404 
IT	1243	 2020 	1904 
DE	4164	 2013 	16634 
DE	4164	 2014 	18502 
DE	4164	 2015 	18901 
DE	4164	 2016 	18560 
DE	4164	 2017 	18220 
DE	4164	 2018 	17879 
DE	4164	 2019 	17538 
DE	4164	 2020 	17197 
DE	4167	 2013 	12235 
DE	4167	 2014 	12023 
DE	4167	 2015 	7761 
DE	4167	 2016 	6792 
DE	4167	 2017 	5856 
DE	4167	 2018 	4948 
DE	4167	 2019 	4070 
DE	4167	 2020 	3224 
DE	4168	 2013 	4653 
DE	4168	 2014 	4574 
DE	4168	 2015 	4494 
DE	4168	 2016 	4412 
DE	4168	 2017 	4332 
DE	4168	 2018 	4250 
DE	4168	 2019 	4170 
DE	4168	 2020 	4088 
GR	159	 2013 	18656 
GR	159	 2014 	18331 
GR	159	 2015 	9004 
BE	31	 2013 	561 
BE	31	 2014 	551 
BE	31	 2015 	541 
BE	31	 2016 	532 
BE	31	 2017 	522 
BE	31	 2018 	512 
BE	31	 2019 	502 
BE	31	 2020 	493 
AT	24	 2013 	36287 
AT	24	 2014 	35656 
AT	24	 2015 	35024 
AT	24	 2016 	34393 
AT	24	 2017 	33761 
AT	24	 2018 	33130 
AT	24	 2019 	32499 
AT	24	 2020 	31867 
LV	49	 2013 	875 
LV	49	 2014 	4684 
LV	49	 2015 	4149 
LV	49	 2016 	3632 
LV	49	 2017 	3130 
LV	49	 2018 	2645 
LV	49	 2019 	2176 
LV	49	 2020 	1724 
BE	32	 2013 	9076 
BE	32	 2014 	8918 
BE	32	 2015 	8760 
BE	32	 2016 	8602 
BE	32	 2017 	8445 
BE	32	 2018 	8287 
DE	4171	 2013 	697 
BE	32	 2019 	8129 
BE	32	 2020 	7971 
DE	4171	 2014 	624 
DE	4171	 2015 	553 
DE	4171	 2016 	484 
DE	4171	 2017 	417 
DE	4171	 2018 	353 
DE	4171	 2019 	291 
DE	4171	 2020 	231 
BE	33	 2013 	5081 
BE	33	 2014 	7438 
BE	33	 2015 	7307 
BE	33	 2016 	7175 
BE	33	 2017 	7043 
BE	33	 2018 	6911 
BE	33	 2019 	6780 
BE	33	 2020 	6648 
AT	17	 2013 	64032 
AT	17	 2014 	65057 
AT	17	 2015 	63905 
AT	17	 2016 	62753 
AT	17	 2017 	61601 
AT	17	 2018 	60449 
AT	17	 2019 	59297 
AT	17	 2020 	58145 
CZ	273	 2014 	33530 
CZ	273	 2015 	43716 
CZ	273	 2016 	42928 
CZ	273	 2017 	42140 
CZ	273	 2018 	41352 
CZ	273	 2019 	40564 
CZ	273	 2020 	39775 
IT	476	 2013 	8617 
IT	476	 2014 	1928 
LV	61	 2013 	1603 
LV	61	 2014 	1575 
LV	61	 2015 	1548 
LV	61	 2016 	1519 
LV	61	 2017 	1491 
LV	61	 2018 	1464 
LV	61	 2019 	1436 
LV	61	 2020 	1408 
LV	65	 2013 	74103 
LV	65	 2014 	36407 
DE	604	 2013 	24329 
DE	604	 2014 	23907 
DE	604	 2015 	23483 
DE	604	 2016 	23060 
DE	604	 2017 	22637 
DE	604	 2018 	22213 
DE	604	 2019 	21790 
DE	604	 2020 	21367 
CZ	295	 2014 	7092 
CZ	295	 2015 	6283 
CZ	295	 2016 	5499 
CZ	295	 2017 	4740 
CZ	295	 2018 	4006 
CZ	295	 2019 	3295 
CZ	295	 2020 	2610 
HU	161	 2013 	1996 
HU	161	 2014 	4204 
HU	161	 2015 	4613 
HU	161	 2016 	4530 
HU	161	 2017 	4448 
HU	161	 2018 	4364 
HU	161	 2019 	4281 
HU	161	 2020 	4198 
GR	89	 2013 	1021153 
GR	89	 2014 	1406433 
GR	89	 2015 	1460892 
GR	89	 2016 	1434556 
GR	89	 2017 	1408220 
GR	89	 2018 	1381884 
GR	89	 2019 	1355548 
GR	89	 2020 	1329211 
BE	63	 2013 	10280 
BE	63	 2014 	10101 
BE	63	 2015 	9922 
BE	63	 2016 	9743 
BE	63	 2017 	9565 
BE	63	 2018 	9386 
BE	63	 2019 	9207 
BE	63	 2020 	9028 
IT	841	 2013 	6292 
IT	841	 2014 	6183 
IT	841	 2015 	6073 
IT	841	 2016 	5964 
IT	841	 2017 	5854 
IT	841	 2018 	5745 
IT	841	 2019 	5635 
IT	841	 2020 	5526 
IE	103	 2013 	10566 
IE	103	 2014 	9456 
IE	103	 2015 	12748 
IE	103	 2016 	12519 
IE	103	 2017 	12289 
IE	103	 2018 	12059 
IE	103	 2019 	11829 
LV	99	 2013 	2990 
IE	103	 2020 	11599 
LV	99	 2014 	2676 
LV	99	 2015 	2371 
LV	99	 2016 	2075 
LV	99	 2017 	1789 
LV	99	 2018 	1512 
LV	99	 2019 	1243 
LV	99	 2020 	985 
CZ	2	 2013 	20958 
CZ	2	 2014 	23417 
CZ	2	 2015 	23002 
CZ	2	 2016 	22587 
CZ	2	 2017 	22172 
CZ	2	 2018 	21758 
CZ	2	 2019 	21343 
CZ	2	 2020 	20929 
GR	14	 2013 	47797 
GR	14	 2014 	42773 
GR	14	 2015 	37893 
GR	14	 2016 	33167 
GR	14	 2017 	28589 
GR	14	 2018 	24159 
LV	103	 2013 	10965 
GR	14	 2019 	19873 
LV	103	 2014 	9812 
GR	14	 2020 	15741 
LV	103	 2015 	8693 
LV	103	 2016 	7609 
LV	103	 2017 	6558 
LV	103	 2018 	5542 
LV	103	 2019 	4559 
LV	103	 2020 	3611 
DK	231	 2013 	3191 
DK	231	 2014 	11329 
DK	231	 2015 	10036 
DK	231	 2016 	8784 
DK	231	 2017 	7572 
DK	231	 2018 	6399 
DK	231	 2019 	5263 
DK	231	 2020 	4169 
LV	107	 2013 	250 
LV	107	 2014 	223 
LV	107	 2015 	198 
LV	107	 2016 	173 
LV	107	 2017 	149 
LV	107	 2018 	126 
LV	107	 2019 	104 
LV	107	 2020 	82 
GR	201547	 2013 	41309 
GR	201547	 2014 	36967 
GR	201547	 2015 	32750 
GR	201547	 2016 	28665 
GR	201547	 2017 	24708 
GR	201547	 2018 	20880 
GR	201547	 2019 	17176 
GR	201547	 2020 	13604 
GR	203018	 2013 	785 
GR	203018	 2014 	771 
GR	203018	 2015 	758 
GR	203018	 2016 	744 
GR	203018	 2017 	730 
GR	203018	 2018 	717 
GR	203018	 2019 	703 
GR	203018	 2020 	689 
LV	206234	 2013 	6314 
LV	206234	 2014 	36930 
LV	206234	 2015 	32716 
LV	206234	 2016 	28636 
LV	206234	 2017 	24683 
LV	206234	 2018 	20859 
LV	206234	 2019 	17158 
LV	206234	 2020 	13590 
AT	203	 2013 	1296 
AT	203	 2014 	1160 
AT	203	 2015 	1027 
AT	203	 2016 	899 
AT	203	 2017 	775 
AT	203	 2018 	655 
AT	203	 2019 	539 
AT	203	 2020 	427 
AT	172	 2014 	20508 
AT	172	 2015 	20145 
AT	172	 2016 	19782 
AT	172	 2017 	19418 
AT	172	 2018 	19055 
AT	172	 2019 	18692 
AT	172	 2020 	18329 
IE	130	 2013 	31653 
IE	130	 2014 	31102 
IE	130	 2015 	30552 
IE	130	 2016 	30001 
IE	130	 2017 	29450 
IE	130	 2018 	28899 
IE	130	 2019 	28348 
IE	130	 2020 	27798 
FI	307	 2013 	18666 
FI	307	 2014 	17127 
FI	307	 2015 	15173 
FI	307	 2016 	13280 
FI	307	 2017 	11447 
FI	307	 2018 	9674 
FI	307	 2019 	7957 
FI	307	 2020 	6303 
GR	205542	 2013 	7498 
GR	205542	 2014 	7368 
GR	205542	 2015 	7237 
GR	205542	 2016 	7107 
GR	205542	 2017 	6976 
GR	205542	 2018 	6846 
GR	205542	 2019 	6715 
GR	205542	 2020 	6585 
LT	12	 2014 	1854 
LT	12	 2015 	2878 
LT	12	 2016 	2826 
LT	12	 2017 	2774 
LT	12	 2018 	2723 
LT	12	 2019 	2671 
LT	12	 2020 	2619 
LT	18	 2013 	10466 
LT	18	 2014 	9366 
LT	18	 2015 	8298 
LT	18	 2016 	7263 
LT	18	 2017 	6260 
LT	18	 2018 	5290 
LT	18	 2019 	4352 
LT	18	 2020 	3447 
GR	206233	 2013 	7602 
GR	206233	 2014 	13495 
GR	206233	 2015 	5978 
GR	206233	 2016 	10464 
GR	206233	 2017 	9020 
GR	206233	 2018 	7622 
GR	206233	 2019 	6270 
GR	206233	 2020 	4966 
DE	908	 2013 	29976 
DE	908	 2014 	29455 
DE	908	 2015 	28933 
DE	908	 2016 	28412 
DE	908	 2017 	27890 
DE	908	 2018 	27369 
DE	908	 2019 	26847 
DE	908	 2020 	26325 
AT	204	 2013 	6689 
AT	204	 2014 	18362 
AT	204	 2015 	18036 
AT	204	 2016 	17712 
AT	204	 2017 	17387 
AT	204	 2018 	17061 
AT	204	 2019 	16736 
AT	204	 2020 	16411 
CZ	335	 2013 	4715 
CZ	335	 2014 	7067 
CZ	335	 2015 	6942 
CZ	335	 2016 	6816 
CZ	335	 2017 	6691 
CZ	335	 2018 	6566 
CZ	335	 2019 	6441 
CZ	335	 2020 	6316 
HU	249	 2014 	2538 
HU	249	 2015 	2653 
HU	249	 2016 	2606 
HU	249	 2017 	2558 
HU	249	 2018 	2510 
HU	249	 2019 	2462 
HU	249	 2020 	2414 
LU	205996	 2013 	20589 
LU	205996	 2014 	20231 
LU	205996	 2015 	19873 
LU	205996	 2016 	19514 
LU	205996	 2017 	19156 
LU	205996	 2018 	18798 
LU	205996	 2019 	18440 
LU	205996	 2020 	18081 
HU	253	 2013 	15989 
HU	253	 2014 	15711 
HU	253	 2015 	15433 
HU	253	 2016 	15154 
HU	253	 2017 	14876 
HU	253	 2018 	14598 
HU	253	 2019 	14320 
HU	253	 2020 	14042 
DE	920	 2013 	2305 
DE	920	 2014 	2234 
DE	920	 2015 	1979 
DE	920	 2016 	1732 
DE	920	 2017 	1494 
DE	920	 2018 	1262 
DE	920	 2019 	1039 
DE	920	 2020 	822 
DK	317	 2014 	1383 
DK	317	 2015 	1462 
DK	317	 2016 	1280 
DK	317	 2017 	1103 
DK	317	 2018 	932 
DK	317	 2019 	767 
DK	317	 2020 	607 
AT	201648	 2013 	6678 
AT	201648	 2014 	5977 
AT	201648	 2015 	5295 
AT	201648	 2016 	4634 
AT	201648	 2017 	3995 
AT	201648	 2018 	3376 
AT	201648	 2019 	2777 
AT	201648	 2020 	2199 
DE	629	 2014 	9813 
DE	629	 2015 	10081 
DE	629	 2016 	9899 
DE	629	 2017 	9718 
DE	629	 2018 	9536 
DE	629	 2019 	9354 
DE	629	 2020 	9172 
AT	201866	 2014 	4489 
AT	201866	 2015 	13529 
AT	201866	 2016 	13452 
AT	201866	 2017 	13205 
AT	201866	 2018 	12959 
AT	201866	 2019 	12712 
AT	201866	 2020 	12464 
AT	201868	 2015 	1892 
AT	201868	 2016 	2074 
AT	201868	 2017 	2036 
AT	201868	 2018 	1998 
AT	201868	 2019 	1960 
AT	201868	 2020 	1922 
HU	1006	 2013 	3231 
AT	202778	 2013 	8805 
HU	1006	 2014 	2892 
AT	202778	 2014 	8652 
HU	1006	 2015 	2562 
AT	202778	 2015 	8498 
HU	1006	 2016 	2242 
AT	202778	 2016 	8346 
HU	1006	 2017 	1933 
AT	202778	 2017 	8193 
HU	1006	 2018 	1633 
AT	202778	 2018 	8039 
HU	1006	 2019 	1343 
AT	202778	 2019 	7886 
HU	1006	 2020 	1064 
AT	202778	 2020 	7732 
IE	205865	 2014 	10732 
IE	205865	 2015 	6134 
IE	205865	 2016 	6023 
IE	205865	 2017 	5913 
IE	205865	 2018 	5802 
IE	205865	 2019 	5692 
IE	205865	 2020 	5581 
DK	304	 2013 	4921 
DK	304	 2014 	4416 
DK	304	 2015 	3912 
DK	304	 2016 	3424 
DK	304	 2017 	2951 
DK	304	 2018 	2494 
DK	304	 2019 	2052 
DK	304	 2020 	1625 
DE	113	 2013 	32548 
DE	113	 2014 	31982 
DE	113	 2015 	31416 
DE	113	 2016 	30849 
DE	113	 2017 	30283 
DE	113	 2018 	29717 
DE	113	 2019 	29150 
DE	113	 2020 	28584 
HU	201649	 2013 	8123 
HU	201649	 2014 	7269 
HU	201649	 2015 	9801 
HU	201649	 2016 	9624 
HU	201649	 2017 	9447 
HU	201649	 2018 	9271 
HU	201649	 2019 	9094 
HU	201649	 2020 	8917 
AT	205911	 2013 	585 
AT	205911	 2014 	718 
AT	205911	 2015 	706 
AT	205911	 2016 	693 
AT	205911	 2017 	680 
AT	205911	 2018 	667 
AT	205911	 2019 	655 
AT	205911	 2020 	642 
HU	201935	 2013 	75151 
HU	201935	 2014 	71722 
HU	201935	 2015 	68366 
HU	201935	 2016 	65087 
HU	201935	 2017 	61883 
HU	201935	 2018 	58754 
HU	201935	 2019 	55699 
HU	201935	 2020 	52721 
AT	206124	 2013 	561 
AT	206124	 2014 	551 
AT	206124	 2015 	541 
AT	206124	 2016 	532 
AT	206124	 2017 	522 
AT	206124	 2018 	512 
AT	206124	 2019 	502 
AT	206124	 2020 	493 
HU	205815	 2013 	59616 
HU	205815	 2014 	58579 
HU	205815	 2015 	57542 
HU	205815	 2016 	56504 
HU	205815	 2017 	55467 
HU	205815	 2018 	54429 
HU	205815	 2019 	53392 
HU	205815	 2020 	52355 
HU	206134	 2014 	13162 
HU	206134	 2015 	12929 
HU	206134	 2016 	12696 
HU	206134	 2017 	12463 
HU	206134	 2018 	12230 
HU	206134	 2019 	11997 
HU	206134	 2020 	11763 
PL	938	 2013 	141 
PL	938	 2014 	827 
PL	938	 2015 	813 
PL	938	 2016 	798 
PL	938	 2017 	783 
PL	938	 2018 	769 
PL	938	 2019 	754 
PL	938	 2020 	739 
BE	210	 2013 	12400 
BE	210	 2014 	12184 
BE	210	 2015 	11969 
BE	210	 2016 	11753 
BE	210	 2017 	11537 
BE	210	 2018 	11321 
BE	210	 2019 	11105 
BE	210	 2020 	10890 
LT	205529	 2013 	16862 
LT	205529	 2014 	28554 
LT	205529	 2015 	28049 
LT	205529	 2016 	27543 
LT	205529	 2017 	27037 
LT	205529	 2018 	26532 
LT	205529	 2019 	26026 
LT	205529	 2020 	25520 
PL	524	 2013 	24755 ****
PL	524	 2014 	22884 ****
PL	524	 2015 	40184 
PL	524	 2016 	35172 
PL	524	 2017 	30318 
PL	524	 2018 	25620 
LT	206274	 2013 	79 
PL	524	 2019 	21075 
PL	524	 2020 	16693 
LT	206274	 2014 	673 
LT	206274	 2015 	661 
LT	206274	 2016 	649 
LT	206274	 2017 	637 
LT	206274	 2018 	625 
LT	206274	 2019 	613 
LT	206274	 2020 	602 
LT	206978	 2014 	6032 
LT	206978	 2015 	47571 
LT	206978	 2016 	41638 
LT	206978	 2017 	35891 
LT	206978	 2018 	30330 
LT	206978	 2019 	24949 
LT	206978	 2020 	19761 
CZ	372	 2014 	14108 
CZ	372	 2015 	21897 
CZ	372	 2016 	21503 
CZ	372	 2017 	21108 
CZ	372	 2018 	20713 
CZ	372	 2019 	20318 
CZ	372	 2020 	19924 
CZ	96	 2013 	50 
CZ	96	 2014 	44 
CZ	96	 2015 	39 
CZ	96	 2016 	34 
CZ	96	 2017 	30 
CZ	96	 2018 	25 
CZ	96	 2019 	21 
CZ	96	 2020 	16 
NL	411	 2013 	40034 
NL	411	 2014 	38171 
NL	411	 2015 	36347 
NL	411	 2016 	34566 
NL	411	 2017 	32826 
NL	411	 2018 	31128 
NL	411	 2019 	29470 
NL	411	 2020 	27854 
RO	26	 2014 	69699 
RO	26	 2015 	137305 
RO	26	 2016 	134830 
RO	26	 2017 	132355 
RO	26	 2018 	129880 
RO	26	 2019 	127404 
RO	26	 2020 	124929 
PL	945	 2013 	2063 
PL	945	 2014 	6064 
PL	945	 2015 	5956 
PL	945	 2016 	5849 
PL	945	 2017 	5741 
PL	945	 2018 	5634 
PL	945	 2019 	5527 
PL	945	 2020 	5419 
IT	1238	 2013 	3140 
IT	1238	 2014 	2810 
IT	1238	 2015 	2489 
IT	1238	 2016 	2179 
IT	1238	 2017 	1878 
IT	1238	 2018 	1587 
IT	1238	 2019 	1306 
IT	1238	 2020 	1034 
RO	31	 2013 	9420 
RO	31	 2014 	8430 
RO	31	 2015 	7468 
RO	31	 2016 	6537 
RO	31	 2017 	5634 
RO	31	 2018 	4761 
RO	31	 2019 	3917 
RO	31	 2020 	3102 
FI	595	 2013 	847 
FI	595	 2014 	758 
FI	595	 2015 	672 
FI	595	 2016 	588 
FI	595	 2017 	507 
FI	595	 2018 	428 
FI	595	 2019 	352 
FI	595	 2020 	279 
IT	1102	 2013 	1346 
IT	1102	 2014 	1204 
IT	1102	 2015 	1067 
IT	1102	 2016 	934 
IT	1102	 2017 	805 
IT	1102	 2018 	680 
IT	1102	 2019 	559 
IT	1102	 2020 	443 
FI	600	 2013 	9781 
FI	600	 2014 	9611 
FI	600	 2015 	9441 
FI	600	 2016 	9270 
FI	600	 2017 	9100 
FI	600	 2018 	8930 
FI	600	 2019 	8760 
FI	600	 2020 	8590 
PL	952	 2013 	3033 
PL	952	 2014 	2980 
PL	952	 2015 	2927 
PL	952	 2016 	2875 
PL	952	 2017 	2822 
PL	952	 2018 	2769 
PL	952	 2019 	2716 
PL	952	 2020 	2664 
CZ	389	 2013 	2592 
CZ	389	 2014 	2320 
CZ	389	 2015 	2055 
CZ	389	 2016 	1799 
CZ	389	 2017 	1550 
CZ	389	 2018 	1310 
CZ	389	 2019 	1078 
CZ	389	 2020 	854 
PL	954	 2014 	3010 
PL	954	 2015 	2958 
PL	954	 2016 	2904 
PL	954	 2017 	2851 
PL	954	 2018 	2797 
PL	954	 2019 	2745 
PL	954	 2020 	2691 
FI	610	 2013 	70371 
FI	610	 2014 	69147 
FI	610	 2015 	67922 
FI	610	 2016 	66698 
FI	610	 2017 	65473 
FI	610	 2018 	64249 
FI	610	 2019 	63024 
FI	610	 2020 	61800 
DE	131	 2013 	77047 
DE	131	 2014 	75707 
DE	131	 2015 	74366 
DE	131	 2016 	73026 
DE	131	 2017 	71685 
DE	131	 2018 	70344 
DE	131	 2019 	69004 
DE	131	 2020 	67663 
DK	360	 2013 	2941 
DK	360	 2014 	2632 
DK	360	 2015 	2331 
DK	360	 2016 	2041 
DK	360	 2017 	1759 
DK	360	 2018 	1486 
DK	360	 2019 	1223 
DK	360	 2020 	968 
FI	628	 2013 	3489 
FI	628	 2014 	3428 
FI	628	 2015 	3368 
FI	628	 2016 	3307 
FI	628	 2017 	3246 
FI	628	 2018 	3185 
FI	628	 2019 	3125 
FI	628	 2020 	3064 
BE	202970	 2013 	19118 
BE	202970	 2014 	18786 
BE	202970	 2015 	18452 
BE	202970	 2016 	18120 
BE	202970	 2017 	17788 
BE	202970	 2018 	17455 
BE	202970	 2019 	17122 
BE	202970	 2020 	16789 
PL	252	 2013 	17494 
PL	252	 2014 	15655 
PL	252	 2015 	13869 
PL	252	 2016 	12139 
PL	252	 2017 	10463 
PL	252	 2018 	8842 
PL	252	 2019 	7274 
PL	252	 2020 	5761 
BE	203795	 2013 	798 
BE	203795	 2014 	714 
BE	203795	 2015 	632 
BE	203795	 2016 	553 
BE	203795	 2017 	477 
BE	203795	 2018 	403 
BE	203795	 2019 	332 
BE	203795	 2020 	263 
DE	654	 2014 	750 
DE	654	 2015 	4016 
DE	654	 2016 	3569 
DE	654	 2017 	3136 
DE	654	 2018 	2717 
DE	654	 2019 	2311 
DE	654	 2020 	1919 
DE	140	 2013 	52064 
DE	140	 2014 	51159 
DE	140	 2015 	50253 
DE	140	 2016 	49347 
DE	140	 2017 	48441 
DE	140	 2018 	47535 
DE	140	 2019 	46629 
DE	140	 2020 	45723 
RO	96	 2013 	32198 
RO	96	 2014 	35057 
RO	96	 2015 	31057 
RO	96	 2016 	27183 
RO	96	 2017 	23431 
RO	96	 2018 	19801 
RO	96	 2019 	16288 
RO	96	 2020 	12901 
BE	203913	 2014 	189690 
BE	203913	 2015 	222258 
BE	203913	 2016 	218251 
BE	203913	 2017 	214244 
BE	203913	 2018 	210237 
BE	203913	 2019 	206231 
BE	203913	 2020 	202224 
CZ	148	 2013 	25905 
CZ	148	 2014 	25454 
CZ	148	 2015 	25004 
CZ	148	 2016 	24553 
CZ	148	 2017 	24102 
CZ	148	 2018 	23651 
CZ	148	 2019 	23201 
CZ	148	 2020 	22750 
FI	662	 2013 	8174 
FI	662	 2014 	7315 
FI	662	 2015 	6480 
FI	662	 2016 	5672 
FI	662	 2017 	4889 
FI	662	 2018 	4131 
FI	662	 2019 	3398 
FI	662	 2020 	2692 
FI	663	 2013 	35137 
FI	663	 2014 	32953 
FI	663	 2015 	30822 
FI	663	 2016 	28747 
FI	663	 2017 	26730 
FI	663	 2018 	24768 
FI	663	 2019 	22860 
FI	663	 2020 	21010 
IT	1246	 2013 	25867 
IT	1246	 2014 	23149 
IT	1246	 2015 	20507 
IT	1246	 2016 	17949 
IT	1246	 2017 	15472 
IT	1246	 2018 	13075 
IT	1246	 2019 	10755 
IT	1246	 2020 	8519 
DK	202911	 2013 	5931 
DK	202911	 2014 	5308 
DK	202911	 2015 	4702 
DK	202911	 2016 	4116 
DK	202911	 2017 	3548 
DK	202911	 2018 	2998 
DK	202911	 2019 	2466 
DK	202911	 2020 	1953 
CZ	201588	 2013 	20300 
CZ	201588	 2014 	19947 
CZ	201588	 2015 	19593 
CZ	201588	 2016 	19240 
CZ	201588	 2017 	18887 
CZ	201588	 2018 	18534 
CZ	201588	 2019 	18181 
CZ	201588	 2020 	17828 
DE	660	 2013 	1947 
DE	660	 2014 	7008 
DE	660	 2015 	6312 
DE	660	 2016 	5637 
DE	660	 2017 	4983 
DE	660	 2018 	4349 
DE	660	 2019 	3736 
DE	660	 2020 	3143 
FR	1152	 2013 	4258 
FR	1152	 2014 	4184 
FR	1152	 2015 	4110 
FR	1152	 2016 	4036 
FR	1152	 2017 	3962 
FR	1152	 2018 	3888 
FR	1152	 2019 	3813 
FR	1152	 2020 	3739 
DK	204108	 2013 	18941 
DK	204108	 2014 	50712 
DK	204108	 2015 	44926 
DK	204108	 2016 	39322 
DK	204108	 2017 	33895 
DK	204108	 2018 	28643 
DK	204108	 2019 	23562 
DK	204108	 2020 	18662 
DK	204462	 2014 	999 
DK	204462	 2015 	3438 
DK	204462	 2016 	3009 
DK	204462	 2017 	2593 
DK	204462	 2018 	2192 
DK	204462	 2019 	1803 
DK	204462	 2020 	1428 
RO	133	 2013 	120941 
RO	133	 2014 	118837 
RO	133	 2015 	116732 
RO	133	 2016 	114628 
RO	133	 2017 	112524 
RO	133	 2018 	110419 
RO	133	 2019 	108315 
RO	133	 2020 	106210 
DK	205550	 2013 	1711 
DK	205550	 2014 	6423 
DK	205550	 2015 	5690 
DK	205550	 2016 	4980 
DK	205550	 2017 	4293 
DK	205550	 2018 	3628 
DK	205550	 2019 	2984 
DK	205550	 2020 	2363 
DK	206031	 2013 	7925 
DK	206031	 2014 	12393 
DK	206031	 2015 	12173 
DK	206031	 2016 	11953 
DK	206031	 2017 	11734 
DK	206031	 2018 	11515 
DK	206031	 2019 	11295 
DK	206031	 2020 	11076 
RO	144	 2013 	5558 
RO	144	 2014 	6529 
RO	144	 2015 	6412 
RO	144	 2016 	6297 
RO	144	 2017 	6182 
RO	144	 2018 	6066 
RO	144	 2019 	5950 
RO	144	 2020 	5835 
SK	9	 2014 	13335 
SK	9	 2015 	11907 
SK	9	 2016 	10525 
SK	9	 2017 	9186 
SK	9	 2018 	7888 
SK	9	 2019 	6633 
SK	9	 2020 	5423 
NL	199	 2013 	26415 
NL	199	 2014 	25955 
NL	199	 2015 	25496 
NL	199	 2016 	25036 
NL	199	 2017 	24577 
NL	199	 2018 	24117 
NL	199	 2019 	23657 
NL	199	 2020 	23198 
SK	11	 2014 	12293 
SK	11	 2015 	10978 
SK	11	 2016 	9705 
SK	11	 2017 	8472 
SK	11	 2018 	7278 
SK	11	 2019 	6121 
SK	11	 2020 	5007 
CZ	205510	 2014 	1599 
CZ	205510	 2015 	1423 
CZ	205510	 2016 	1246 
CZ	205510	 2017 	1074 
CZ	205510	 2018 	907 
CZ	205510	 2019 	746 
CZ	205510	 2020 	591 
CZ	205946	 2013 	345 
CZ	205946	 2014 	1795 
CZ	205946	 2015 	1763 
CZ	205946	 2016 	1732 
CZ	205946	 2017 	1700 
CZ	205946	 2018 	1668 
CZ	205946	 2019 	1636 
CZ	205946	 2020 	1604 
FR	383	 2013 	13141 
FR	383	 2014 	12912 
FR	383	 2015 	12684 
FR	383	 2016 	12455 
FR	383	 2017 	12226 
FR	383	 2018 	11998 
FR	383	 2019 	11769 
FR	383	 2020 	11540 
CZ	206784	 2014 	5291 
CZ	206784	 2015 	24638 
CZ	206784	 2016 	24194 
CZ	206784	 2017 	23749 
CZ	206784	 2018 	23305 
CZ	206784	 2019 	22861 
CZ	206784	 2020 	22417 
CZ	206785	 2014 	4224 
CZ	206785	 2015 	4494 
CZ	206785	 2016 	4413 
CZ	206785	 2017 	4332 
CZ	206785	 2018 	4251 
CZ	206785	 2019 	4170 
CZ	206785	 2020 	4089 
RO	155	 2013 	149289 
RO	155	 2014 	146691 
RO	155	 2015 	43297 
RO	155	 2016 	42516 
BE	205932	 2013 	33177 
RO	155	 2017 	41736 
BE	205932	 2014 	52341 
BE	205932	 2015 	51413 
RO	155	 2018 	40955 
BE	205932	 2016 	50487 
RO	155	 2019 	40175 
BE	205932	 2017 	49559 
RO	155	 2020 	39394 
BE	205932	 2018 	48633 
BE	205932	 2019 	47706 
BE	205932	 2020 	46779 
BE	205998	 2013 	3456 
BE	205998	 2014 	3093 
BE	205998	 2015 	2740 
BE	205998	 2016 	2398 
BE	205998	 2017 	2067 
BE	205998	 2018 	1747 
BE	205998	 2019 	1437 
BE	205998	 2020 	1138 
BE	206091	 2013 	6660 
BE	206091	 2014 	6110 
BE	206091	 2015 	5413 
BE	206091	 2016 	4738 
BE	206091	 2017 	4084 
BE	206091	 2018 	3451 
BE	206091	 2019 	2839 
BE	206091	 2020 	2249 
RO	163	 2014 	711 
RO	163	 2015 	2769 
RO	163	 2016 	2719 
RO	163	 2017 	2669 
RO	163	 2018 	2619 
RO	163	 2019 	2569 
RO	163	 2020 	2520 
BE	206955	 2014 	31533 
BE	206955	 2015 	36946 
BE	206955	 2016 	36279 
BE	206955	 2017 	35614 
BE	206955	 2018 	34947 
BE	206955	 2019 	34282 
BE	206955	 2020 	33615 
RO	166	 2013 	12834 
RO	166	 2014 	12611 
RO	166	 2015 	12387 
RO	166	 2016 	12164 
RO	166	 2017 	11941 
RO	166	 2018 	11717 
RO	166	 2019 	11494 
RO	166	 2020 	11271 
RO	178	 2013 	89608 
RO	178	 2014 	139125 
RO	178	 2015 	136662 
RO	178	 2016 	134198 
RO	178	 2017 	131734 
RO	178	 2018 	129271 
RO	178	 2019 	126807 
RO	178	 2020 	124343 
NL	183	 2013 	98733 
NL	183	 2014 	88356 
NL	183	 2015 	78274 
NL	183	 2016 	68511 
NL	183	 2017 	59055 
NL	183	 2018 	49905 
NL	183	 2019 	41051 
NL	183	 2020 	32515 
DE	157	 2013 	28528 
DE	157	 2014 	28032 
DE	157	 2015 	27536 
DE	157	 2016 	27039 
DE	157	 2017 	26543 
DE	157	 2018 	26047 
DE	157	 2019 	25550 
DE	157	 2020 	25054 
RO	187	 2013 	3898 
RO	187	 2014 	5899 
RO	187	 2015 	5794 
RO	187	 2016 	5690 
RO	187	 2017 	5585 
RO	187	 2018 	5481 
RO	187	 2019 	5376 
RO	187	 2020 	5272 
IT	632	 2013 	21011 
IT	632	 2014 	20645 
PL	626	 2013 	798 
IT	632	 2015 	20280 
PL	626	 2014 	714 
IT	632	 2016 	19914 
PL	626	 2015 	632 
PL	626	 2016 	553 
IT	632	 2017 	19549 
IT	632	 2018 	19183 
PL	626	 2017 	477 
IT	632	 2019 	18817 
PL	626	 2018 	403 
PL	626	 2019 	332 
IT	632	 2020 	18452 
PL	626	 2020 	263 
SE	356	 2013 	28880 
SE	356	 2014 	28377 
SE	356	 2015 	27875 
SE	356	 2016 	27372 
SE	356	 2017 	26870 
SE	356	 2018 	26367 
SE	356	 2019 	25865 
SE	356	 2020 	25362 
PT	39	 2013 	504322 
PT	39	 2014 	495547 
PT	39	 2015 	486772 
PT	39	 2016 	477996 
PT	39	 2017 	469221 
PT	39	 2018 	460446 
PT	39	 2019 	451671 
PT	39	 2020 	442896 
FR	979	 2013 	3411 
FR	979	 2014 	3053 
FR	979	 2015 	2704 
FR	979	 2016 	2367 
FR	979	 2017 	2040 
FR	979	 2018 	1724 
FR	979	 2019 	1418 
FR	979	 2020 	1123 
SE	479	 2013 	120052 
SE	479	 2014 	117963 
SE	479	 2015 	115874 
SE	479	 2016 	113785 
SE	479	 2017 	111696 
SE	479	 2018 	109607 
SE	479	 2019 	107519 
SE	479	 2020 	105430 
RO	251	 2013 	6382 
RO	251	 2014 	8324 
RO	251	 2015 	8176 
RO	251	 2016 	8029 
RO	251	 2017 	7881 
RO	251	 2018 	7734 
RO	251	 2019 	7587 
RO	251	 2020 	7439 
RO	253	 2014 	19708 
RO	253	 2015 	30457 
RO	253	 2016 	29908 
RO	253	 2017 	29359 
RO	253	 2018 	28810 
RO	253	 2019 	28261 
RO	253	 2020 	27712 
RO	259	 2013 	60182 
RO	259	 2014 	29568 
IT	964	 2013 	5368 
IT	964	 2014 	5275 
IT	964	 2015 	5181 
IT	964	 2016 	5088 
IT	964	 2017 	4994 
IT	964	 2018 	4901 
IT	964	 2019 	4808 
IT	964	 2020 	4714 
ES	831	 2013 	2349 
ES	831	 2014 	3481 
ES	831	 2015 	3420 
ES	831	 2016 	3358 
ES	831	 2017 	3296 
ES	831	 2018 	3235 
ES	831	 2019 	3173 
ES	831	 2020 	3111 
RO	283	 2013 	26492 ****
RO	283	 2014 	11353 ****
RO	283	 2015 	3754 
RO	283	 2016 	3286 
RO	283	 2017 	2832 
RO	283	 2018 	2393 
RO	283	 2019 	1969 
RO	283	 2020 	1559 
DE	1103	 2013 	12151 
DE	1103	 2014 	11940 
DE	1103	 2015 	11729 
DE	1103	 2016 	11517 
DE	1103	 2017 	11306 
DE	1103	 2018 	11094 
DE	1103	 2019 	10883 
DE	1103	 2020 	10672 
RO	286	 2013 	7725 
RO	286	 2014 	1898 
RO	286	 2015 	1864 
RO	286	 2016 	1830 
RO	286	 2017 	1796 
RO	286	 2018 	1763 
RO	286	 2019 	1730 
RO	286	 2020 	1696 
RO	201674	 2013 	39915 
RO	201674	 2014 	59618 
RO	201674	 2015 	38696 
RO	201674	 2016 	33871 
RO	201674	 2017 	29195 
RO	201674	 2018 	24672 
RO	201674	 2019 	20295 
RO	201674	 2020 	16075 
RO	206882	 2014 	11034 
RO	206882	 2015 	43003 
RO	206882	 2016 	42227 
RO	206882	 2017 	41452 
RO	206882	 2018 	40677 
RO	206882	 2019 	39902 
RO	206882	 2020 	39126 
RO	206922	 2014 	3608 
RO	206922	 2015 	19124 
RO	206922	 2016 	16739 
RO	206922	 2017 	14428 
RO	206922	 2018 	12193 
RO	206922	 2019 	10030 
RO	206922	 2020 	7944 
NL	239	 2013 	655 
NL	239	 2014 	1784 
NL	239	 2015 	1581 
NL	239	 2016 	1383 
NL	239	 2017 	1192 
NL	239	 2018 	1008 
NL	239	 2019 	829 
NL	239	 2020 	657 
SK	152	 2014 	3083 
SK	152	 2015 	7225 
SK	152	 2016 	7094 
SK	152	 2017 	6964 
SK	152	 2018 	6834 
SK	152	 2019 	6704 
SK	152	 2020 	6573 
SK	154	 2013 	7360 
SK	154	 2014 	6586 
SK	154	 2015 	8880 
SK	154	 2016 	8720 
SK	154	 2017 	8560 
SK	154	 2018 	8400 
SK	154	 2019 	8240 
SK	154	 2020 	8079 
IT	1000	 2013 	5919 
IT	1000	 2014 	5816 
IT	1000	 2015 	5713 
IT	1000	 2016 	5610 
IT	1000	 2017 	5507 
IT	1000	 2018 	5404 
IT	1000	 2019 	5301 
IT	1000	 2020 	5198 
DE	171	 2013 	50368 
DE	171	 2014 	49492 
DE	171	 2015 	48616 
DE	171	 2016 	47739 
DE	171	 2017 	46863 
DE	171	 2018 	45986 
DE	171	 2019 	45110 
DE	171	 2020 	44234 
SK	180	 2013 	5482 
SK	180	 2014 	5387 
SK	180	 2015 	5291 
SK	180	 2016 	5196 
SK	180	 2017 	5100 
SK	180	 2018 	5005 
SK	180	 2019 	4910 
SK	180	 2020 	4814 
DE	426	 2014 	340 
DE	426	 2015 	648 
DE	426	 2016 	636 
DE	426	 2017 	625 
DE	426	 2018 	613 
DE	426	 2019 	601 
DE	426	 2020 	590 
SK	188	 2014 	2772 
SK	188	 2015 	14695 
SK	188	 2016 	12862 
SK	188	 2017 	11086 
SK	188	 2018 	9369 
SK	188	 2019 	7707 
SK	188	 2020 	6104 
PL	355	 2013 	6155 
PL	355	 2014 	5956 
PL	355	 2015 	6134 
PL	355	 2016 	6023 
PL	355	 2017 	5913 
PL	355	 2018 	5802 
PL	355	 2019 	5692 
PL	355	 2020 	5581 
FI	484	 2013 	4428 
FI	484	 2014 	4351 
FI	484	 2015 	4274 
FI	484	 2016 	4197 
FI	484	 2017 	4120 
FI	484	 2018 	4043 
FI	484	 2019 	3966 
FI	484	 2020 	3889 
PT	205819	 2013 	142022 
PT	205819	 2014 	139551 
PT	205819	 2015 	137080 
PT	205819	 2016 	134608 
PT	205819	 2017 	132137 
PT	205819	 2018 	129666 
PT	205819	 2019 	127195 
PT	205819	 2020 	124723 
PT	206288	 2013 	744 
PT	206288	 2014 	2007 
PT	206288	 2015 	1778 
PT	206288	 2016 	1557 
PT	206288	 2017 	1342 
PT	206288	 2018 	1134 
PT	206288	 2019 	933 
PT	206288	 2020 	739 
PL	361	 2013 	155233 
PL	361	 2014 	152532 
PL	361	 2015 	149831 
PL	361	 2016 	147130 
PL	361	 2017 	144429 
PL	361	 2018 	141728 
PL	361	 2019 	139027 
PL	361	 2020 	136326 
DE	1157	 2013 	18947 
DE	1157	 2014 	16956 
DE	1157	 2015 	15021 
DE	1157	 2016 	13147 
DE	1157	 2017 	11334 
DE	1157	 2018 	9578 
DE	1157	 2019 	7878 
DE	1157	 2020 	6240 
SK	203784	 2013 	64908 
SK	203784	 2014 	74053 
SK	203784	 2015 	43789 
SK	203784	 2016 	14569 
SK	203784	 2017 	14301 
SK	203784	 2018 	14034 
SK	203784	 2019 	13766 
SK	203784	 2020 	13499 
SK	204252	 2014 	1684 
SK	204252	 2015 	2465 
SK	204252	 2016 	2421 
SK	204252	 2017 	2376 
SK	204252	 2018 	2332 
SK	204252	 2019 	2287 
SK	204252	 2020 	2243 
SK	205645	 2014 	25001 
SK	205645	 2015 	17434 
SK	205645	 2016 	15260 
SK	205645	 2017 	13154 
SK	205645	 2018 	11116 
SK	205645	 2019 	9144 
SK	205645	 2020 	7242 
FI	203117	 2013 	4884 
FI	203117	 2014 	4371 
FI	203117	 2015 	3872 
FI	203117	 2016 	3389 
FI	203117	 2017 	2921 
FI	203117	 2018 	2469 
FI	203117	 2019 	2031 
FI	203117	 2020 	1608 
FR	626	 2014 	18782 
FR	626	 2015 	27598 
FR	626	 2016 	27100 
FR	626	 2017 	26603 
FR	626	 2018 	26105 
FR	626	 2019 	25608 
FR	626	 2020 	25110 
FI	203668	 2013 	10828 
FI	203668	 2014 	9991 
FI	203668	 2015 	8851 
FI	203668	 2016 	7747 
FI	203668	 2017 	6678 
FI	203668	 2018 	5643 
FI	203668	 2019 	4642 
FI	203668	 2020 	3677 
PL	375	 2013 	280483 
PL	375	 2014 	301183 
PL	375	 2015 	295849 
PL	375	 2016 	290516 
PL	375	 2017 	285182 
PL	375	 2018 	279849 
PL	375	 2019 	274516 
PL	375	 2020 	269182 
NL	330	 2013 	2627 
NL	330	 2014 	7092 
NL	330	 2015 	6283 
NL	330	 2016 	5499 
NL	330	 2017 	4740 
NL	330	 2018 	4006 
NL	330	 2019 	3295 
NL	330	 2020 	2610 
FI	205896	 2013 	14891 
FI	205896	 2014 	14753 
FI	205896	 2015 	14492 
FI	205896	 2016 	14230 
FI	205896	 2017 	13969 
FI	205896	 2018 	13708 
FI	205896	 2019 	13447 
FI	205896	 2020 	13185 
PL	754	 2013 	6854 
PL	754	 2014 	6735 
PL	754	 2015 	6615 
PL	754	 2016 	6496 
PL	754	 2017 	6377 
PL	754	 2018 	6258 
PL	754	 2019 	6138 
PL	754	 2020 	6019 
ES	560	 2013 	3815 
ES	560	 2014 	3749 
ES	560	 2015 	3682 
ES	560	 2016 	3616 
ES	560	 2017 	3549 
IT	1104	 2013 	12211 
ES	560	 2018 	3483 
IT	1104	 2014 	10928 
ES	560	 2019 	3417 
IT	1104	 2015 	9681 
ES	560	 2020 	3350 
IT	1104	 2016 	8473 
IT	1104	 2017 	7304 
IT	1104	 2018 	6172 
IT	1104	 2019 	5077 
IT	1104	 2020 	4021 
DE	184	 2014 	30368 
DE	184	 2015 	40778 
DE	184	 2016 	40043 
DE	184	 2017 	39308 
DE	184	 2018 	38573 
DE	184	 2019 	37838 
DE	184	 2020 	37103 
NL	203953	 2013 	5924 
NL	203953	 2014 	5301 
NL	203953	 2015 	4696 
NL	203953	 2016 	4111 
NL	203953	 2017 	3543 
NL	203953	 2018 	2994 
NL	203953	 2019 	2463 
NL	203953	 2020 	1951 
ES	570	 2013 	1630 
ES	570	 2014 	1602 
ES	570	 2015 	1573 
ES	570	 2016 	1545 
ES	570	 2017 	1517 
ES	570	 2018 	1489 
ES	570	 2019 	1460 
ES	570	 2020 	1432 
NL	204422	 2013 	20484 
NL	204422	 2014 	25159 
NL	204422	 2015 	24714 
NL	204422	 2016 	24268 
NL	204422	 2017 	23823 
NL	204422	 2018 	23377 
NL	204422	 2019 	22932 
NL	204422	 2020 	22486 
NL	204695	 2013 	45417 
NL	204695	 2014 	44627 
NL	204695	 2015 	43836 
NL	204695	 2016 	43046 
NL	204695	 2017 	42256 
NL	204695	 2018 	41466 
NL	204695	 2019 	40675 
NL	204695	 2020 	39885 
DE	443	 2013 	7868 
DE	443	 2014 	10043 
DE	443	 2015 	9865 
DE	443	 2016 	9688 
DE	443	 2017 	9510 
DE	443	 2018 	9332 
DE	443	 2019 	9154 
DE	443	 2020 	8977 
NL	204763	 2013 	1046 
NL	204763	 2014 	4079 
NL	204763	 2015 	4007 
NL	204763	 2016 	3934 
NL	204763	 2017 	3862 
NL	204763	 2018 	3790 
NL	204763	 2019 	3718 
NL	204763	 2020 	3645 
IT	1141	 2013 	7381 
IT	1141	 2014 	6486 
IT	1141	 2015 	6371 
IT	1141	 2016 	6256 
IT	1141	 2017 	6142 
IT	1141	 2018 	6027 
IT	1141	 2019 	5912 
IT	1141	 2020 	5797 
IT	102	 2013 	6648 
IT	102	 2014 	6812 
IT	102	 2015 	6692 
IT	102	 2016 	6571 
IT	102	 2017 	6450 
IT	102	 2018 	6330 
IT	102	 2019 	6209 
IT	102	 2020 	6089 
FR	842	 2013 	3480 
FR	842	 2014 	78016 
FR	842	 2015 	76635 
FR	842	 2016 	75253 
FR	842	 2017 	73872 
FR	842	 2018 	72491 
FR	842	 2019 	71109 
FR	842	 2020 	69727 
PL	412	 2014 	15854 
PL	412	 2015 	26075 
PL	412	 2016 	25605 
PL	412	 2017 	25135 
PL	412	 2018 	24665 
PL	412	 2019 	24195 
PL	412	 2020 	23725 
FR	837	 2013 	18192 
FR	837	 2014 	17875 
FR	837	 2015 	17559 
FR	837	 2016 	17242 
FR	837	 2017 	16926 
FR	837	 2018 	16609 
FR	837	 2019 	16293 
FR	837	 2020 	15976 
NL	205785	 2013 	7912 
NL	205785	 2014 	7774 
NL	205785	 2015 	7637 
NL	205785	 2016 	7499 
NL	205785	 2017 	7361 
NL	205785	 2018 	7224 
NL	205785	 2019 	7086 
NL	205785	 2020 	6948 
SE	583	 2013 	2342 
SE	583	 2014 	2096 
SE	583	 2015 	1857 
SE	583	 2016 	1625 
SE	583	 2017 	1401 
SE	583	 2018 	1184 
SE	583	 2019 	974 
SE	583	 2020 	771 
IT	1201	 2013 	2381 
IT	1201	 2014 	2213 
IT	1201	 2015 	1189 
IT	1201	 2016 	1137 
IT	1201	 2017 	1086 
IT	1201	 2018 	1037 
IT	1201	 2019 	987 
IT	1201	 2020 	940 
FR	274	 2013 	5834 
FR	274	 2014 	5221 
FR	274	 2015 	4625 
PL	41	 2014 	64742 ****
FR	274	 2016 	4049 
PL	41	 2015 	18413 
FR	274	 2017 	3490 
PL	41	 2016 	16116 
FR	274	 2018 	2949 
PL	41	 2017 	13892 
PL	41	 2018 	11740 
FR	274	 2019 	2426 
PL	41	 2019 	9657 
FR	274	 2020 	1921 
PL	41	 2020 	7649 
IT	1186	 2013 	4423 
IT	1186	 2014 	558 
IT	1186	 2015 	988 
IT	1186	 2016 	865 
IT	1186	 2017 	746 
IT	1186	 2018 	630 
IT	1186	 2019 	518 
IT	1186	 2020 	411 
IT	1196	 2013 	4548 
IT	1196	 2014 	2235 
IT	1196	 2015 	4390 
IT	1196	 2016 	4311 
IT	1196	 2017 	4231 
IT	1196	 2018 	4152 
IT	1196	 2019 	4073 
IT	1196	 2020 	3994 
DE	1312	 2013 	30573 
DE	1312	 2014 	96023 
DE	1312	 2015 	85066 
DE	1312	 2016 	74457 
NL	206069	 2014 	27315 
DE	1312	 2017 	64179 
NL	206069	 2015 	26099 
NL	206069	 2016 	25629 
DE	1312	 2018 	54236 
NL	206069	 2017 	25158 
NL	206069	 2018 	24688 
DE	1312	 2019 	44614 
GB	1269	 2013 	1196 
NL	206069	 2019 	24217 
DE	1312	 2020 	35338 
GB	1269	 2014 	1070 
NL	206069	 2020 	23747 
GB	1269	 2015 	948 
GB	1269	 2016 	830 
GB	1269	 2017 	715 
GB	1269	 2018 	605 
GB	1269	 2019 	497 
GB	1269	 2020 	394 
IT	1203	 2013 	3289 
IT	1203	 2014 	3052 
ES	90057	 2013 	16785 
ES	90057	 2014 	15021 
ES	90057	 2015 	13307 
ES	90057	 2016 	11647 
ES	90057	 2017 	10040 
ES	90057	 2018 	8484 
ES	90057	 2019 	6979 
ES	90057	 2020 	5528 
IT	1247	 2013 	18092 
IT	1247	 2014 	16191 
IT	1247	 2015 	14343 
IT	1247	 2016 	12554 
IT	1247	 2017 	10821 
IT	1247	 2018 	9145 
IT	1247	 2019 	7522 
IT	1247	 2020 	5958 
IT	1220	 2013 	3887 
IT	1220	 2014 	3610 
IT	1220	 2015 	3339 
IT	1220	 2016 	3077 
IT	1220	 2017 	2822 
IT	1220	 2018 	2574 
IT	1220	 2019 	2334 
IT	1220	 2020 	2101 
FR	1075	 2013 	1371 
FR	1075	 2014 	1347 
FR	1075	 2015 	1323 
FR	1075	 2016 	1299 
FR	1075	 2017 	1276 
FR	1075	 2018 	1252 
FR	1075	 2019 	1228 
FR	1075	 2020 	1204 
IT	1240	 2013 	5782 
IT	1240	 2014 	5174 
IT	1240	 2015 	4584 
IT	1240	 2016 	4012 
IT	1240	 2017 	3458 
IT	1240	 2018 	2922 
IT	1240	 2019 	2404 
IT	1240	 2020 	1904 
IT	1230	 2013 	10653 
IT	1230	 2014 	5838 
IT	1230	 2015 	10024 
IT	1230	 2016 	9718 
IT	1230	 2017 	9415 
IT	1230	 2018 	9117 
IT	1230	 2019 	8824 
IT	1230	 2020 	8535 
SE	845	 2013 	208 
SE	845	 2014 	1115 
SE	845	 2015 	988 
SE	845	 2016 	865 
SE	845	 2017 	746 
SE	845	 2018 	630 
SE	845	 2019 	518 
SE	845	 2020 	410 
IT	930	 2013 	2006 
IT	930	 2014 	1866 
IT	930	 2015 	1730 
IT	930	 2016 	1598 
IT	930	 2017 	1469 
IT	930	 2018 	1345 
IT	930	 2019 	1222 
IT	930	 2020 	1105 
SE	851	 2013 	44769 
SE	851	 2014 	40375 
SE	851	 2015 	36104 
SE	851	 2016 	31967 
SE	851	 2017 	27958 
SE	851	 2018 	24076 
SE	851	 2019 	20318 
SE	851	 2020 	16692 
SE	850	 2013 	24920 
SE	850	 2014 	24486 
SE	850	 2015 	15805 
SE	850	 2016 	13834 
SE	850	 2017 	11924 
SE	850	 2018 	10077 
SE	850	 2019 	8289 
SE	850	 2020 	6565 
FR	564	 2013 	41006 
FR	564	 2014 	65075 
FR	564	 2015 	63922 
FR	564	 2016 	62770 
FR	564	 2017 	61618 
FR	564	 2018 	60465 
FR	564	 2019 	59313 
FR	564	 2020 	58161 
PL	468	 2013 	3652 ****
PL	468	 2014 	3376 ****
PL	468	 2015 	5652 
PL	468	 2016 	5550 
PL	468	 2017 	5448 
PL	468	 2018 	5347 
PL	468	 2019 	5245 
PL	468	 2020 	5143 
FR	554	 2014 	1349 
FR	554	 2015 	2371 
FR	554	 2016 	2075 
FR	554	 2017 	1789 
FR	554	 2018 	1512 
FR	554	 2019 	1243 
FR	554	 2020 	985 
ES	880	 2013 	2693 
ES	880	 2014 	2646 
ES	880	 2015 	2599 
ES	880	 2016 	2552 
ES	880	 2017 	2506 
ES	880	 2018 	2459 
ES	880	 2019 	2412 
ES	880	 2020 	2365 
DE	458	 2013 	304 
DE	458	 2014 	592 
DE	458	 2015 	582 
DE	458	 2016 	571 
DE	458	 2017 	561 
DE	458	 2018 	550 
DE	458	 2019 	540 
DE	458	 2020 	529 
FR	95	 2013 	7056 
FR	95	 2014 	6933 
FR	95	 2015 	6810 
FR	95	 2016 	6688 
FR	95	 2017 	6565 
FR	95	 2018 	6442 
FR	95	 2019 	6319 
FR	95	 2020 	6197 
ES	402	 2013 	13500 
ES	402	 2014 	20606 
ES	402	 2015 	18255 
ES	402	 2016 	15978 
ES	402	 2017 	13773 
ES	402	 2018 	11639 
ES	402	 2019 	9574 
ES	402	 2020 	7583 
ES	90004	 2013 	10649 
ES	90004	 2014 	13374 
ES	90004	 2015 	11848 
ES	90004	 2016 	10370 
ES	90004	 2017 	8939 
ES	90004	 2018 	7554 
ES	90004	 2019 	6214 
ES	90004	 2020 	4922 
PL	887	 2013 	85414 
PL	887	 2014 	83928 
PL	887	 2015 	82442 
PL	887	 2016 	80955 
PL	887	 2017 	79469 
PL	887	 2018 	77983 
PL	887	 2019 	76497 
PL	887	 2020 	75011 
ES	64	 2013 	121104 
ES	64	 2014 	146241 
ES	64	 2015 	143652 
ES	64	 2016 	141062 
ES	64	 2017 	138472 
ES	64	 2018 	135883 
ES	64	 2019 	133293 
ES	64	 2020 	130703 
DE	1518	 2013 	10753 
DE	1518	 2014 	9624 
DE	1518	 2015 	8526 
DE	1518	 2016 	7463 
DE	1518	 2017 	6432 
DE	1518	 2018 	5437 
DE	1518	 2019 	4471 
DE	1518	 2020 	3542 
IT	1181	 2013 	16665 
IT	1181	 2014 	14913 
IT	1181	 2015 	13212 
IT	1181	 2016 	11564 
IT	1181	 2017 	9968 
IT	1181	 2018 	8423 
IT	1181	 2019 	6929 
IT	1181	 2020 	5488 
PL	930	 2013 	10068 
PL	930	 2014 	19624 
PL	930	 2015 	19277 
PL	930	 2016 	18929 
PL	930	 2017 	18582 
PL	930	 2018 	18234 
PL	930	 2019 	17887 
PL	930	 2020 	17539 
DE	1544	 2014 	2826 
DE	1544	 2015 	21753 
DE	1544	 2016 	19040 
DE	1544	 2017 	16412 
DE	1544	 2018 	13869 
DE	1544	 2019 	11409 
DE	1544	 2020 	9036 
SE	313	 2013 	445 
SE	313	 2014 	4815 
SE	313	 2015 	4407 
SE	313	 2016 	4011 
SE	313	 2017 	3627 
SE	313	 2018 	3255 
SE	313	 2019 	2893 
SE	313	 2020 	2544 
PL	195	 2013 	5468 ****
PL	195	 2014 	5055 ****
PL	195	 2015 	6599 
PL	195	 2016 	5776 
PL	195	 2017 	4978 
PL	195	 2018 	4207 
PL	195	 2019 	3461 
PL	195	 2020 	2741 
PL	197	 2013 	2243 
PL	197	 2014 	2007 
PL	197	 2015 	1778 
PL	197	 2016 	1557 
PL	197	 2017 	1342 
PL	197	 2018 	1134 
PL	197	 2019 	933 
PL	197	 2020 	739 
PL	202081	 2014 	9739 
PL	202081	 2015 	11412 
PL	202081	 2016 	11206 
PL	202081	 2017 	11000 
PL	202081	 2018 	10794 
PL	202081	 2019 	10589 
PL	202081	 2020 	10383 
SE	283	 2013 	5970 
SE	283	 2014 	5620 
SE	283	 2015 	4979 
SE	283	 2016 	4358 
SE	283	 2017 	3756 
SE	283	 2018 	3174 
SE	283	 2019 	2611 
SE	283	 2020 	2068 
PL	202274	 2014 	3495 
PL	202274	 2015 	3433 
PL	202274	 2016 	3371 
PL	202274	 2017 	3310 
PL	202274	 2018 	3247 
PL	202274	 2019 	3186 
PL	202274	 2020 	3124 
SE	158	 2013 	17507 
SE	158	 2014 	15716 
SE	158	 2015 	13975 
SE	158	 2016 	12291 
SE	158	 2017 	10658 
SE	158	 2018 	9077 
SE	158	 2019 	7548 
SE	158	 2020 	6074 
SE	255	 2013 	330 
SE	255	 2014 	4148 
SE	255	 2015 	3675 
SE	255	 2016 	3216 
SE	255	 2017 	2772 
SE	255	 2018 	2343 
SE	255	 2019 	1927 
SE	255	 2020 	1526 
PL	202453	 2013 	5757 
PL	202453	 2014 	5656 
PL	202453	 2015 	5557 
PL	202453	 2016 	5456 
PL	202453	 2017 	5357 
PL	202453	 2018 	5256 
PL	202453	 2019 	5156 
PL	202453	 2020 	5056 
PL	202510	 2014 	25622 
PL	202510	 2015 	153108 
PL	202510	 2016 	150348 
PL	202510	 2017 	147587 
PL	202510	 2018 	144827 
PL	202510	 2019 	142067 
PL	202510	 2020 	139307 
SE	74	 2013 	1625 
SE	74	 2014 	3122 
SE	74	 2015 	2766 
SE	74	 2016 	2421 
SE	74	 2017 	2087 
SE	74	 2018 	1763 
SE	74	 2019 	1451 
SE	74	 2020 	1149 
PL	203089	 2014 	7067 
PL	203089	 2015 	13771 
PL	203089	 2016 	13522 
PL	203089	 2017 	13274 
PL	203089	 2018 	13026 
PL	203089	 2019 	12778 
PL	203089	 2020 	12529 
PL	203112	 2013 	5154 
PL	203112	 2014 	5064 
PL	203112	 2015 	4975 
PL	203112	 2016 	4885 
PL	203112	 2017 	4795 
PL	203112	 2018 	4706 
PL	203112	 2019 	4616 
PL	203112	 2020 	4526 
IT	201420	 2013 	5134 
IT	201420	 2014 	4594 
IT	201420	 2015 	4070 
IT	201420	 2016 	3562 
IT	201420	 2017 	3071 
IT	201420	 2018 	2595 
IT	201420	 2019 	2134 
IT	201420	 2020 	1691 
PL	203186	 2015 	5199 
PL	203186	 2016 	5105 
PL	203186	 2017 	5011 
PL	203186	 2018 	4917 
PL	203186	 2019 	4824 
PL	203186	 2020 	4730 
IT	201507	 2013 	6379 
IT	201507	 2014 	5709 
IT	201507	 2015 	5057 
IT	201507	 2016 	4427 
IT	201507	 2017 	3816 
IT	201507	 2018 	3224 
IT	201507	 2019 	2652 
IT	201507	 2020 	2101 
IT	201609	 2013 	5931 
IT	201609	 2014 	5308 
IT	201609	 2015 	4702 
IT	201609	 2016 	4116 
IT	201609	 2017 	3548 
IT	201609	 2018 	2998 
IT	201609	 2019 	2466 
IT	201609	 2020 	1953 
PL	203610	 2013 	9770 
PL	203610	 2014 	9600 
PL	203610	 2015 	9430 
PL	203610	 2016 	9260 
PL	203610	 2017 	9090 
PL	203610	 2018 	8920 
PL	203610	 2019 	8750 
PL	203610	 2020 	8580 
PL	203772	 2013 	6242 
PL	203772	 2014 	3735 
PL	203772	 2015 	6025 
PL	203772	 2016 	5916 
PL	203772	 2017 	5807 
PL	203772	 2018 	5699 
PL	203772	 2019 	5590 
PL	203772	 2020 	5481 
GB	1045	 2013 	11534 
GB	1045	 2014 	20678 
GB	1045	 2015 	18319 
GB	1045	 2016 	16034 
GB	1045	 2017 	13821 
GB	1045	 2018 	11679 
GB	1045	 2019 	9608 
GB	1045	 2020 	7610 
PL	205499	 2013 	12246 
PL	205499	 2014 	52854 
PL	205499	 2015 	46823 
PL	205499	 2016 	40983 
PL	205499	 2017 	35326 
PL	205499	 2018 	29853 
PL	205499	 2019 	24556 
PL	205499	 2020 	19450 
IT	201873	 2013 	2833 
IT	201873	 2014 	3414 
IT	201873	 2015 	3025 
IT	201873	 2016 	2647 
PL	205709	 2013 	11263 
IT	201873	 2017 	2282 
PL	205709	 2014 	43906 
IT	201873	 2018 	1928 
IT	201873	 2019 	1586 
PL	205709	 2015 	43129 
IT	201873	 2020 	1256 
PL	205709	 2016 	42351 
PL	205709	 2017 	41574 
PL	205709	 2018 	40796 
PL	205709	 2019 	40018 
PL	205709	 2020 	39241 
PL	205935	 2013 	33901 
PL	205935	 2014 	34243 
PL	205935	 2015 	33636 
PL	205935	 2016 	33030 
PL	205935	 2017 	32423 
PL	205935	 2018 	31818 
PL	205935	 2019 	31211 
PL	205935	 2020 	30605 
GB	1268	 2013 	101709 
GB	1268	 2014 	99939 
GB	1268	 2015 	98170 
GB	1268	 2016 	96400 
PL	206075	 2013 	12107 
GB	1268	 2017 	94630 
PL	206075	 2014 	10997 
GB	1268	 2018 	92860 
PL	206075	 2015 	10803 
GB	1268	 2019 	91091 
PL	206075	 2016 	10608 
PL	206075	 2017 	10413 
GB	1268	 2020 	89321 
PL	206075	 2018 	10218 
PL	206075	 2019 	10024 
PL	206075	 2020 	9829 
PL	206786	 2014 	6225 
PL	206786	 2015 	11871 
PL	206786	 2016 	11404 
PL	206786	 2017 	10947 
PL	206786	 2018 	10499 
PL	206786	 2019 	10058 
DE	245	 2013 	1513 
PL	206786	 2020 	9629 
DE	245	 2014 	2360 
DE	245	 2015 	2318 
DE	245	 2016 	2276 
DE	245	 2017 	2234 
DE	245	 2018 	2193 
DE	245	 2019 	2151 
DE	245	 2020 	2109 
FR	203536	 2013 	19089 
FR	203536	 2014 	17083 
FR	203536	 2015 	15133 
FR	203536	 2016 	13246 
FR	203536	 2017 	11418 
FR	203536	 2018 	9649 
FR	203536	 2019 	7937 
FR	203536	 2020 	6286 
FR	203580	 2013 	17220 
FR	203580	 2014 	16920 
FR	203580	 2015 	16621 
FR	203580	 2016 	16321 
FR	203580	 2017 	16021 
FR	203580	 2018 	15722 
FR	203580	 2019 	15422 
FR	203580	 2020 	15123 
SE	202805	 2013 	6678 
SE	202805	 2014 	5977 
SE	202805	 2015 	5295 
SE	202805	 2016 	4634 
SE	202805	 2017 	3995 
SE	202805	 2018 	3376 
SE	202805	 2019 	2777 
SE	202805	 2020 	2199 
SE	202810	 2013 	847 
SE	202810	 2014 	758 
SE	202810	 2015 	672 
SE	202810	 2016 	588 
SE	202810	 2017 	507 
SE	202810	 2018 	428 
SE	202810	 2019 	352 
SE	202810	 2020 	279 
SE	202835	 2013 	9033 
SE	202835	 2014 	8745 
SE	202835	 2015 	7982 
SE	202835	 2016 	6986 
SE	202835	 2017 	6022 
SE	202835	 2018 	5089 
SE	202835	 2019 	4186 
SE	202835	 2020 	3316 
SE	202860	 2013 	8135 
SE	202860	 2014 	7993 
DE	1646	 2013 	5023 
DE	1646	 2014 	4852 
DE	1646	 2015 	4682 
DE	1646	 2016 	4516 
DE	1646	 2017 	4352 
DE	1646	 2018 	4193 
DE	1646	 2019 	4035 
DE	1646	 2020 	3881 
DE	1649	 2013 	114741 
DE	1649	 2014 	102682 
DE	1649	 2015 	90966 
DE	1649	 2016 	79620 
DE	1649	 2017 	68631 
DE	1649	 2018 	57998 
DE	1649	 2019 	47708 
DE	1649	 2020 	37788 
FR	204076	 2013 	6113 
FR	204076	 2014 	12801 
FR	204076	 2015 	11340 
FR	204076	 2016 	9926 
FR	204076	 2017 	8556 
FR	204076	 2018 	7230 
FR	204076	 2019 	5947 
FR	204076	 2020 	4711 
SE	203743	 2013 	2549 
SE	203743	 2014 	3033 
SE	203743	 2015 	2687 
SE	203743	 2016 	2352 
SE	203743	 2017 	2027 
SE	203743	 2018 	1713 
SE	203743	 2019 	1409 
SE	203743	 2020 	1116 
SE	204052	 2013 	2963 
SE	204052	 2014 	3122 
SE	204052	 2015 	2766 
SE	204052	 2016 	2421 
SE	204052	 2017 	2087 
SE	204052	 2018 	1763 
SE	204052	 2019 	1451 
ES	736	 2013 	1646137 
SE	204052	 2020 	1149 
ES	736	 2014 	1617494 
ES	736	 2015 	1588851 
ES	736	 2016 	1560209 
ES	736	 2017 	1531566 
ES	736	 2018 	1502923 
ES	736	 2019 	1474280 
ES	736	 2020 	1445638 
ES	745	 2013 	34788 
ES	745	 2014 	31132 
ES	745	 2015 	27580 
ES	745	 2016 	24140 
ES	745	 2017 	20808 
ES	745	 2018 	17584 
ES	745	 2019 	14464 
ES	745	 2020 	11457 
SE	204726	 2014 	88440 
SE	204726	 2015 	80329 
SE	204726	 2016 	70310 
SE	204726	 2017 	60605 
SE	204726	 2018 	51216 
SE	204726	 2019 	42129 
SE	204726	 2020 	33369 
SE	204841	 2013 	12085 
SE	204841	 2014 	17167 
SE	204841	 2015 	11538 
SE	204841	 2016 	10099 
SE	204841	 2017 	8705 
SE	204841	 2018 	7356 
SE	204841	 2019 	6051 
SE	204841	 2020 	4793 
GB	181	 2013 	2300 
GB	181	 2014 	2260 
GB	181	 2015 	2220 
GB	181	 2016 	2180 
GB	181	 2017 	2140 
GB	181	 2018 	2100 
GB	181	 2019 	2060 
GB	181	 2020 	2020 
ES	782	 2013 	5233 
ES	782	 2014 	5142 
ES	782	 2015 	5051 
ES	782	 2016 	4960 
ES	782	 2017 	4869 
ES	782	 2018 	4778 
ES	782	 2019 	4687 
ES	782	 2020 	4596 
FR	204292	 2013 	3366 
FR	204292	 2014 	3307 
FR	204292	 2015 	3249 
FR	204292	 2016 	3190 
FR	204292	 2017 	3132 
FR	204292	 2018 	3073 
FR	204292	 2019 	3015 
FR	204292	 2020 	2956 
DE	1	 2013 	20843 
DE	1	 2014 	18653 
DE	1	 2015 	19560 
DE	1	 2016 	18065 
DE	1	 2017 	16612 
DE	1	 2018 	15202 
DE	1	 2019 	13831 
DE	1	 2020 	12503 
SE	205665	 2013 	206 
SE	205665	 2014 	446 
SE	205665	 2015 	395 
SE	205665	 2016 	346 
SE	205665	 2017 	298 
SE	205665	 2018 	252 
SE	205665	 2019 	207 
SE	205665	 2020 	164 
SE	205791	 2013 	383 
SE	205791	 2014 	1026 
SE	205791	 2015 	909 
SE	205791	 2016 	795 
SE	205791	 2017 	686 
SE	205791	 2018 	579 
SE	205791	 2019 	477 
SE	205791	 2020 	378 
SE	205903	 2013 	47088 
SE	205903	 2014 	55931 
SE	205903	 2015 	49549 
SE	205903	 2016 	43369 
SE	205903	 2017 	37383 
SE	205903	 2018 	31591 
SE	205903	 2019 	25986 
SE	205903	 2020 	20583 
SE	205906	 2014 	62326 
SE	205906	 2015 	63220 
SE	205906	 2016 	55335 
SE	205906	 2017 	47697 
SE	205906	 2018 	40307 
SE	205906	 2019 	33156 
SE	205906	 2020 	26262 
SE	206002	 2013 	73040 
SE	206002	 2014 	66445 
SE	206002	 2015 	59269 
SE	206002	 2016 	51877 
SE	206002	 2017 	44716 
SE	206002	 2018 	37788 
SE	206002	 2019 	31084 
SE	206002	 2020 	24620 
SE	206045	 2013 	987 
SE	206045	 2014 	7223 
SE	206045	 2015 	4662 
SE	206045	 2016 	4081 
SE	206045	 2017 	3517 
SE	206045	 2018 	2973 
SE	206045	 2019 	2445 
SE	206045	 2020 	1937 
SE	206082	 2013 	8074 
SE	206082	 2014 	7226 
SE	206082	 2015 	6401 
SE	206082	 2016 	5603 
SE	206082	 2017 	4830 
SE	206082	 2018 	4081 
SE	206082	 2019 	3357 
SE	206082	 2020 	2659 
SE	206197	 2013 	7765 
SE	206197	 2014 	7450 
SE	206197	 2015 	7143 
SE	206197	 2016 	6841 
SE	206197	 2017 	6546 
SE	206197	 2018 	6257 
SE	206197	 2019 	5975 
SE	206197	 2020 	5698 
IT	202655	 2013 	6729 
IT	202655	 2014 	6022 
IT	202655	 2015 	5335 
IT	202655	 2016 	4669 
IT	202655	 2017 	4025 
IT	202655	 2018 	3401 
IT	202655	 2019 	2798 
IT	202655	 2020 	2216 
IT	202676	 2013 	4523 
IT	202676	 2014 	4217 
IT	202676	 2015 	3919 
IT	202676	 2016 	3629 
IT	202676	 2017 	3347 
IT	202676	 2018 	3073 
IT	202676	 2019 	2807 
IT	202676	 2020 	2550 
IT	202733	 2013 	4667 
DE	1697	 2014 	2436 
DE	1697	 2015 	4573 
IT	202733	 2014 	4585 
DE	1697	 2016 	4490 
IT	202733	 2015 	4505 
DE	1697	 2017 	4408 
DE	1697	 2018 	4325 
IT	202733	 2016 	4423 
IT	202733	 2017 	4342 
DE	1697	 2019 	4243 
IT	202733	 2018 	4261 
DE	1697	 2020 	4161 
IT	202733	 2019 	4180 
IT	202733	 2020 	4098 
IT	202933	 2013 	7000 
IT	202933	 2014 	6878 
IT	202933	 2015 	6756 
IT	202933	 2016 	6635 
IT	202933	 2017 	6513 
IT	202933	 2018 	6391 
IT	202933	 2019 	6269 
IT	202933	 2020 	6147 
IT	202935	 2013 	11563 
IT	202935	 2014 	10348 
IT	202935	 2015 	9167 
IT	202935	 2016 	8024 
IT	202935	 2017 	6916 
IT	202935	 2018 	5845 
IT	202935	 2019 	4808 
IT	202935	 2020 	3808 
DE	253	 2014 	7709 
DE	253	 2015 	12283 
DE	253	 2016 	12061 
DE	253	 2017 	11840 
DE	253	 2018 	11618 
DE	253	 2019 	11397 
DE	253	 2020 	11176 
DE	490	 2013 	1723 
DE	490	 2014 	1916 
DE	490	 2015 	2680 
DE	490	 2016 	2632 
DE	490	 2017 	2583 
DE	490	 2018 	2535 
DE	490	 2019 	2487 
DE	490	 2020 	2438 
FR	205686	 2013 	3190 
FR	205686	 2014 	2854 
FR	205686	 2015 	2529 
FR	205686	 2016 	2213 
FR	205686	 2017 	1908 
FR	205686	 2018 	1612 
FR	205686	 2019 	1326 
FR	205686	 2020 	1050 
FR	205751	 2013 	3364 
FR	205751	 2014 	3305 
FR	205751	 2015 	3247 
FR	205751	 2016 	3197 
FR	205751	 2017 	3130 
FR	205751	 2018 	3071 
FR	205751	 2019 	3013 
FR	205751	 2020 	2962 
FR	205829	 2013 	314 
FR	205829	 2014 	3414 
FR	205829	 2015 	3025 
FR	205829	 2016 	2647 
FR	205829	 2017 	2282 
FR	205829	 2018 	1928 
FR	205829	 2019 	1586 
FR	205829	 2020 	1256 
DE	1744	 2013 	21089 
DE	1744	 2014 	18873 
DE	1744	 2015 	16720 
DE	1744	 2016 	3937 
DE	1744	 2017 	3393 
DE	1744	 2018 	2868 
DE	1744	 2019 	2358 
DE	1744	 2020 	1868 
DE	261	 2013 	1943 
DE	261	 2014 	6943 
DE	261	 2015 	6821 
DE	261	 2016 	6697 
DE	261	 2017 	6575 
DE	261	 2018 	6451 
DE	261	 2019 	6329 
DE	261	 2020 	6205 
DE	498	 2014 	3038 
DE	498	 2015 	3560 
DE	498	 2016 	3496 
DE	498	 2017 	3432 
DE	498	 2018 	3367 
DE	498	 2019 	3303 
DE	498	 2020 	3239 
GB	325	 2013 	670429 
GB	325	 2014 	739842 
GB	325	 2015 	726741 
GB	325	 2016 	713639 
GB	325	 2017 	700538 
GB	325	 2018 	687437 
GB	325	 2019 	674336 
GB	325	 2020 	661235 
DE	266	 2013 	3181 
DE	266	 2014 	3126 
DE	266	 2015 	3071 
DE	266	 2016 	3015 
DE	266	 2017 	2960 
DE	266	 2018 	2905 
DE	266	 2019 	2849 
DE	266	 2020 	2794 
GB	1245	 2013 	6479 
GB	1245	 2014 	5798 
GB	1245	 2015 	5137 
GB	1245	 2016 	4496 
GB	1245	 2017 	3875 
GB	1245	 2018 	3275 
GB	1245	 2019 	2694 
GB	1245	 2020 	2134 
ES	528	 2013 	3512 
ES	528	 2014 	3499 
ES	528	 2015 	3437 
ES	528	 2016 	3375 
ES	528	 2017 	3313 
ES	528	 2018 	3251 
ES	528	 2019 	3189 
ES	528	 2020 	3127 
FR	206402	 2013 	10278 
FR	206402	 2014 	9197 
FR	206402	 2015 	8148 
FR	206402	 2016 	7132 
FR	206402	 2017 	6147 
FR	206402	 2018 	5195 
FR	206402	 2019 	4273 
FR	206402	 2020 	3385 
GB	1267	 2013 	628 
GB	1267	 2014 	562 
GB	1267	 2015 	498 
GB	1267	 2016 	435 
GB	1267	 2017 	375 
GB	1267	 2018 	318 
GB	1267	 2019 	262 
GB	1267	 2020 	207 
GB	1243	 2013 	94239 
GB	1243	 2014 	92599 
GB	1243	 2015 	90959 
GB	1243	 2016 	89320 
GB	1243	 2017 	87680 
GB	1243	 2018 	86040 
GB	1243	 2019 	84400 
GB	1243	 2020 	82761 
FR	207324	 2013 	1573 
FR	207324	 2014 	10080 
FR	207324	 2015 	8930 
FR	207324	 2016 	7816 
FR	207324	 2017 	6737 
FR	207324	 2018 	5693 
FR	207324	 2019 	4683 
FR	207324	 2020 	3710 
FR	207493	 2013 	14703 
FR	207493	 2014 	13158 
FR	207493	 2015 	11657 
FR	207493	 2016 	10203 
FR	207493	 2017 	8794 
FR	207493	 2018 	7432 
FR	207493	 2019 	6113 
FR	207493	 2020 	4842 
ES	202235	 2013 	3118 
ES	202235	 2014 	3064 
ES	202235	 2015 	3009 
ES	202235	 2016 	2955 
ES	202235	 2017 	2901 
ES	202235	 2018 	2847 
ES	202235	 2019 	2793 
ES	202235	 2020 	2738 
DE	40	 2013 	40903 
DE	40	 2014 	40192 
DE	40	 2015 	39480 
DE	40	 2016 	38768 
DE	40	 2017 	38057 
DE	40	 2018 	37345 
DE	40	 2019 	36633 
DE	40	 2020 	35922 
DE	49	 2013 	56777 
DE	49	 2014 	55790 
DE	49	 2015 	54802 
DE	49	 2016 	53814 
DE	49	 2017 	52826 
DE	49	 2018 	51838 
DE	49	 2019 	50850 
DE	49	 2020 	49862 
DE	298	 2013 	602 
DE	298	 2014 	1064 
DE	298	 2015 	1045 
DE	298	 2016 	1026 
DE	298	 2017 	1007 
DE	298	 2018 	988 
DE	298	 2019 	970 
DE	298	 2020 	951 
DE	537	 2013 	42013 
DE	537	 2014 	46080 
DE	537	 2015 	45264 
DE	537	 2016 	44448 
DE	537	 2017 	43632 
DE	537	 2018 	42816 
DE	537	 2019 	42000 
DE	537	 2020 	41184 
DE	53	 2014 	144102 
DE	53	 2015 	185847 
DE	53	 2016 	182497 
DE	53	 2017 	179146 
DE	53	 2018 	175796 
DE	53	 2019 	172446 
DE	53	 2020 	169095 
ES	203767	 2013 	1807 
ES	203767	 2014 	1776 
ES	203767	 2015 	1744 
ES	203891	 2013 	11533 
ES	203891	 2014 	11332 
ES	203891	 2015 	11132 
ES	203891	 2016 	10931 
ES	203891	 2017 	10730 
ES	203891	 2018 	10530 
ES	203891	 2019 	10329 
ES	203891	 2020 	10128 
DE	543	 2014 	2222 
DE	543	 2015 	9262 
DE	543	 2016 	9095 
DE	543	 2017 	8928 
DE	543	 2018 	8761 
DE	543	 2019 	8594 
DE	543	 2020 	8427 
ES	204947	 2013 	13440 
ES	204947	 2014 	13242 
ES	204947	 2015 	13008 
ES	204947	 2016 	12773 
ES	204947	 2017 	12539 
ES	204947	 2018 	12305 
ES	204947	 2019 	12070 
ES	204947	 2020 	11836 
DE	547	 2013 	1058 
DE	547	 2014 	18967 
DE	547	 2015 	18631 
DE	547	 2016 	18295 
DE	547	 2017 	17959 
DE	547	 2018 	17623 
DE	547	 2019 	17287 
DE	547	 2020 	16952 
ES	205744	 2013 	10823 
ES	205744	 2014 	9218 
ES	205744	 2015 	9056 
ES	205744	 2016 	8892 
ES	205744	 2017 	8729 
ES	205744	 2018 	8566 
ES	205744	 2019 	8402 
ES	205744	 2020 	8239 
ES	205817	 2013 	60518 
ES	205817	 2014 	93154 
ES	205817	 2015 	91504 
ES	205817	 2016 	89856 
ES	205817	 2017 	88206 
ES	205817	 2018 	86556 
ES	205817	 2019 	84906 
ES	205817	 2020 	83257 
GB	201678	 2013 	9769 
GB	201678	 2014 	8742 
GB	201678	 2015 	7745 
GB	201678	 2016 	6779 
GB	201678	 2017 	5843 
GB	201678	 2018 	4938 
GB	201678	 2019 	4062 
GB	201678	 2020 	3217 
DE	551	 2013 	1535 
DE	551	 2014 	3770 
DE	551	 2015 	3703 
DE	551	 2016 	3637 
DE	551	 2017 	3570 
DE	551	 2018 	3503 
DE	551	 2019 	3437 
DE	551	 2020 	3370 
ES	206061	 2013 	9438 
ES	206061	 2014 	9274 
ES	206061	 2015 	9110 
ES	206061	 2016 	8945 
ES	206061	 2017 	8781 
ES	206061	 2018 	8617 
ES	206061	 2019 	8453 
ES	206061	 2020 	8289 
ES	206079	 2013 	2715 
ES	206079	 2014 	2675 
ES	206079	 2015 	2627 
ES	206079	 2016 	2580 
ES	206079	 2017 	2533 
ES	206079	 2018 	2485 
ES	206079	 2019 	2438 
ES	206079	 2020 	2390 
ES	206130	 2013 	15100 
ES	206130	 2014 	14878 
ES	206130	 2015 	14615 
ES	206130	 2016 	14352 
ES	206130	 2017 	14088 
ES	206130	 2018 	13825 
ES	206130	 2019 	13561 
ES	206130	 2020 	13297 
ES	206224	 2013 	6064 
ES	206224	 2014 	6631 
ES	206224	 2015 	6513 
ES	206224	 2016 	6396 
ES	206224	 2017 	6279 
ES	206224	 2018 	6161 
ES	206224	 2019 	6043 
ES	206224	 2020 	5926 
DE	4113	 2014 	6086 
DE	4113	 2015 	5622 
DE	4113	 2016 	4921 
DE	4113	 2017 	4242 
DE	4113	 2018 	3585 
DE	4113	 2019 	2949 
DE	4113	 2020 	2336 
ES	206276	 2013 	8239 
ES	206276	 2014 	10904 
ES	206276	 2015 	10711 
ES	206276	 2016 	10518 
ES	206276	 2017 	10324 
ES	206276	 2018 	10131 
ES	206276	 2019 	9938 
ES	206276	 2020 	9746 
ES	206294	 2013 	22935 
ES	206294	 2014 	24628 
ES	206294	 2015 	24192 
ES	206294	 2016 	23756 
ES	206294	 2017 	23319 
ES	206294	 2018 	22883 
ES	206294	 2019 	22447 
ES	206294	 2020 	22011 
GB	201839	 2014 	2554 
GB	201839	 2015 	3003 
GB	201839	 2016 	2629 
GB	201839	 2017 	2266 
GB	201839	 2018 	1915 
GB	201839	 2019 	1575 
GB	201839	 2020 	1247 
ES	206366	 2013 	3227 
ES	206366	 2014 	2841 
DE	2094	 2013 	14009 
DE	2094	 2014 	19937 
DE	2094	 2015 	19584 
DE	2094	 2016 	19231 
DE	2094	 2017 	18878 
DE	2094	 2018 	18525 
DE	2094	 2019 	18172 
DE	2094	 2020 	17819 
DE	566	 2013 	3758 
DE	566	 2014 	7325 
DE	566	 2015 	7195 
DE	566	 2016 	7065 
DE	566	 2017 	6936 
DE	566	 2018 	6806 
DE	566	 2019 	6676 
DE	566	 2020 	6547 
GB	202280	 2013 	28720 
GB	202280	 2014 	28220 
GB	202280	 2015 	27721 
GB	202280	 2016 	27221 
GB	202280	 2017 	26721 
GB	202280	 2018 	26221 
GB	202280	 2019 	25722 
GB	202280	 2020 	25222 
GB	202392	 2013 	873 
GB	202392	 2014 	4014 
GB	202392	 2015 	3556 
GB	202392	 2016 	3113 
GB	202392	 2017 	2683 
GB	202392	 2018 	2267 
GB	202392	 2019 	1865 
GB	202392	 2020 	1477 
GB	202656	 2013 	41458 
GB	202656	 2014 	40737 
GB	202656	 2015 	40015 
GB	202656	 2016 	39294 
GB	202656	 2017 	38573 
GB	202656	 2018 	37851 
GB	202656	 2019 	37130 
GB	202656	 2020 	36408 
DE	4128	 2013 	13316 
DE	4128	 2014 	13085 
DE	4128	 2015 	12854 
DE	4128	 2016 	12622 
DE	4128	 2017 	12390 
DE	4128	 2018 	12159 
DE	4128	 2019 	11927 
DE	4128	 2020 	11695 
DE	581	 2013 	3887 
DE	581	 2014 	3820 
DE	581	 2015 	3753 
DE	581	 2016 	3685 
DE	581	 2017 	3618 
DE	581	 2018 	3550 
DE	581	 2019 	3482 
DE	581	 2020 	3414 
DE	583	 2013 	3142 
DE	583	 2014 	8108 
DE	583	 2015 	7964 
DE	583	 2016 	7821 
DE	583	 2017 	7677 
DE	583	 2018 	7534 
DE	583	 2019 	7390 
DE	583	 2020 	7247 
DE	586	 2013 	8665 
DE	586	 2014 	38362 
DE	586	 2015 	37683 
DE	586	 2016 	37003 
DE	586	 2017 	36324 
DE	586	 2018 	35644 
DE	586	 2019 	34966 
DE	586	 2020 	34286 
DE	4135	 2013 	7012 
DE	4135	 2014 	6890 
DE	4135	 2015 	6768 
DE	4135	 2016 	6646 
DE	4135	 2017 	6524 
DE	4135	 2018 	6402 
DE	4135	 2019 	6280 
DE	4135	 2020 	6158 
DE	4125	 2013 	256 
DE	4125	 2014 	1503 
DE	4125	 2015 	1476 
DE	4125	 2016 	1450 
DE	4125	 2017 	1423 
DE	4125	 2018 	1396 
DE	4125	 2019 	1370 
DE	4125	 2020 	1343 
GB	203132	 2013 	24982 
GB	203132	 2014 	24547 
GB	203132	 2015 	24113 
GB	203132	 2016 	23678 
GB	203132	 2017 	23243 
GB	203132	 2018 	22809 
GB	203132	 2019 	22374 
GB	203132	 2020 	21939 
DE	201341	 2013 	1850 
DE	201341	 2014 	1656 
DE	201341	 2015 	1468 
DE	201341	 2016 	1286 
DE	201341	 2017 	1108 
DE	201341	 2018 	937 
DE	201341	 2019 	770 
DE	201341	 2020 	611 
DE	201499	 2013 	8892 
DE	201499	 2014 	7958 
DE	201499	 2015 	7050 
DE	201499	 2016 	6171 
DE	201499	 2017 	5320 
DE	201499	 2018 	4495 
DE	201499	 2019 	3698 
DE	201499	 2020 	2929 
GB	205756	 2013 	455 
GB	205756	 2014 	9057 
GB	205756	 2015 	8896 
GB	205756	 2016 	8736 
GB	205756	 2017 	8575 
GB	205756	 2018 	8415 
GB	205756	 2019 	8255 
GB	205756	 2020 	8094 
GB	205884	 2014 	152919 
GB	205884	 2015 	179931 
GB	205884	 2016 	176687 
GB	205884	 2017 	173443 
GB	205884	 2018 	170199 
GB	205884	 2019 	166956 
GB	205884	 2020 	163712 
GB	205930	 2013 	7481 
GB	205930	 2014 	7359 
GB	205930	 2015 	7230 
GB	205930	 2016 	7099 
GB	205930	 2017 	6969 
GB	205930	 2018 	6838 
GB	205930	 2019 	6708 
GB	205930	 2020 	6578 
GB	206591	 2014 	6010 
GB	206591	 2015 	15378 
GB	206591	 2016 	15100 
GB	206591	 2017 	14823 
GB	206591	 2018 	14546 
GB	206591	 2019 	14269 
GB	206591	 2020 	13991 
GB	206641	 2014 	6184 
GB	206641	 2015 	5730 
GB	206641	 2016 	5015 
GB	206641	 2017 	4323 
GB	206641	 2018 	3653 
GB	206641	 2019 	3005 
GB	206641	 2020 	2380 
GB	206721	 2014 	11230 
GB	206721	 2015 	13289 
GB	206721	 2016 	13049 
GB	206721	 2017 	12810 
GB	206721	 2018 	12570 
GB	206721	 2019 	12331 
GB	206721	 2020 	12091 
DE	202380	 2013 	1680 
DE	202380	 2014 	1651 
DE	202380	 2015 	1622 
DE	202380	 2016 	1593 
DE	202380	 2017 	1564 
DE	202380	 2018 	1534 
DE	202380	 2019 	1505 
DE	202380	 2020 	1476 
DE	202469	 2015 	4498 
DE	202469	 2016 	4416 
DE	202469	 2017 	4336 
DE	202469	 2018 	4255 
DE	202469	 2019 	4173 
DE	202469	 2020 	4092 
DE	202559	 2013 	8320 
DE	202559	 2014 	8176 
DE	202559	 2015 	8031 
DE	202559	 2016 	7886 
DE	202559	 2017 	7741 
DE	202559	 2018 	7597 
DE	202559	 2019 	7452 
DE	202559	 2020 	7307 
DE	202667	 2013 	273 
DE	202667	 2014 	471 
DE	202667	 2015 	463 
DE	202667	 2016 	454 
DE	202667	 2017 	446 
DE	202667	 2018 	438 
DE	202667	 2019 	429 
DE	202667	 2020 	421 
DE	202822	 2013 	16337 
DE	202822	 2014 	16053 
DE	202822	 2015 	15769 
DE	202822	 2016 	15485 
DE	202822	 2017 	15200 
DE	202822	 2018 	14916 
DE	202822	 2019 	14632 
DE	202822	 2020 	14348 
DE	202854	 2013 	2106 
DE	202854	 2014 	8164 
DE	202854	 2015 	7976 
DE	202854	 2016 	7788 
DE	202854	 2017 	7602 
DE	202854	 2018 	7419 
DE	202854	 2019 	7236 
DE	202854	 2020 	7055 
DE	202865	 2013 	27168 
DE	202865	 2014 	26696 
DE	202865	 2015 	26223 
DE	202865	 2016 	25750 
DE	202865	 2017 	25278 
DE	202865	 2018 	24805 
DE	202865	 2019 	24332 
DE	202865	 2020 	23859 
DE	202974	 2013 	13982 
DE	202974	 2014 	17174 
DE	202974	 2015 	16870 
DE	202974	 2016 	16566 
DE	202974	 2017 	16262 
DE	202974	 2018 	15958 
DE	202974	 2019 	15654 
DE	202974	 2020 	15350 
DE	203170	 2013 	442 
DE	203170	 2014 	902 
DE	203170	 2015 	886 
DE	203170	 2016 	870 
DE	203170	 2017 	854 
DE	203170	 2018 	838 
DE	203170	 2019 	822 
DE	203170	 2020 	806 
DE	203323	 2013 	1329 
DE	203323	 2014 	1189 
DE	203323	 2015 	1054 
DE	203323	 2016 	923 
DE	203323	 2017 	795 
DE	203323	 2018 	672 
DE	203323	 2019 	553 
DE	203323	 2020 	439 
DE	203657	 2014 	3469 
DE	203657	 2015 	7971 
DE	203657	 2016 	7827 
DE	203657	 2017 	7684 
DE	203657	 2018 	7540 
DE	203657	 2019 	7396 
DE	203657	 2020 	7253 
DE	203762	 2013 	36808 
DE	203762	 2014 	36168 
DE	203762	 2015 	35528 
DE	203762	 2016 	34887 
DE	203762	 2017 	34247 
DE	203762	 2018 	33607 
DE	203762	 2019 	32966 
DE	203762	 2020 	32326 
DE	204255	 2013 	15621 
DE	204255	 2014 	15350 
DE	204255	 2015 	15078 
DE	204255	 2016 	14806 
DE	204255	 2017 	14534 
DE	204255	 2018 	14263 
DE	204255	 2019 	13991 
DE	204255	 2020 	13719 
DE	204802	 2013 	153 
DE	204802	 2014 	359 
DE	204802	 2015 	232 
DE	204802	 2016 	203 
DE	204802	 2017 	175 
DE	204802	 2018 	148 
DE	204802	 2019 	122 
DE	204802	 2020 	97 
DE	205065	 2014 	524 
DE	205065	 2015 	899 
DE	205065	 2016 	883 
DE	205065	 2017 	867 
DE	205065	 2018 	851 
DE	205065	 2019 	834 
DE	205065	 2020 	818 
DE	205384	 2013 	2978 
DE	205384	 2014 	10788 
DE	205384	 2015 	10597 
DE	205384	 2016 	10406 
DE	205384	 2017 	10215 
DE	205384	 2018 	10024 
DE	205384	 2019 	9833 
DE	205384	 2020 	9642 
DE	205562	 2013 	81495 
DE	205562	 2014 	108557 
DE	205562	 2015 	106635 
DE	205562	 2016 	104712 
DE	205562	 2017 	102790 
DE	205562	 2018 	100868 
DE	205562	 2019 	98945 
DE	205562	 2020 	97023 
DE	205563	 2013 	51743 
DE	205563	 2014 	105335 
DE	205563	 2015 	103470 
DE	205563	 2016 	101605 
DE	205563	 2017 	99739 
DE	205563	 2018 	97874 
DE	205563	 2019 	96009 
DE	205563	 2020 	94144 
DE	205609	 2013 	6733 
DE	205609	 2014 	17829 
DE	205609	 2015 	17514 
DE	205609	 2016 	17198 
DE	205609	 2017 	16882 
DE	205609	 2018 	16566 
DE	205609	 2019 	16251 
DE	205609	 2020 	15935 
DE	205883	 2013 	22882 
DE	205883	 2014 	26635 
DE	205883	 2015 	26163 
DE	205883	 2016 	25692 
DE	205883	 2017 	25220 
DE	205883	 2018 	24748 
DE	205883	 2019 	24277 
DE	205883	 2020 	23805 
DE	206009	 2013 	45953 
DE	206009	 2014 	45154 
DE	206009	 2015 	44354 
DE	206009	 2016 	43555 
DE	206009	 2017 	42755 
DE	206009	 2018 	41956 
DE	206009	 2019 	41156 
DE	206009	 2020 	40356 
DE	206020	 2013 	3495 
DE	206020	 2014 	15881 
DE	206020	 2015 	15600 
DE	206020	 2016 	15319 
DE	206020	 2017 	15038 
DE	206020	 2018 	14756 
DE	206020	 2019 	14475 
DE	206020	 2020 	14194 
DE	206021	 2013 	5531 
DE	206021	 2014 	22290 
DE	206021	 2015 	21895 
DE	206021	 2016 	21500 
DE	206021	 2017 	21106 
DE	206021	 2018 	20711 
DE	206021	 2019 	20316 
DE	206021	 2020 	19922 
DE	206153	 2013 	303 
DE	206153	 2014 	1498 
DE	206153	 2015 	1328 
DE	206153	 2016 	1162 
DE	206153	 2017 	1002 
DE	206153	 2018 	848 
DE	206153	 2019 	697 
DE	206153	 2020 	552 
DE	206158	 2013 	381 
DE	206158	 2014 	1074 
DE	206158	 2015 	951 
DE	206158	 2016 	833 
DE	206158	 2017 	718 
DE	206158	 2018 	607 
DE	206158	 2019 	499 
DE	206158	 2020 	396 
DE	206200	 2013 	6449 
DE	206200	 2014 	5869 
DE	206200	 2015 	7911 
DE	206200	 2016 	7769 
DE	206200	 2017 	7626 
DE	206200	 2018 	7483 
DE	206200	 2019 	7341 
DE	206200	 2020 	7198 
DE	206226	 2013 	17370 
DE	206226	 2014 	26896 
DE	206226	 2015 	26419 
DE	206226	 2016 	25944 
DE	206226	 2017 	25467 
DE	206226	 2018 	24990 
DE	206226	 2019 	24515 
DE	206226	 2020 	24038 
DE	206270	 2013 	487 
DE	206270	 2014 	1656 
DE	206270	 2015 	1468 
DE	206791	 2014 	8471 
DE	206791	 2015 	14884 
DE	206791	 2016 	13028 
DE	206791	 2017 	11229 
DE	206791	 2018 	9490 
DE	206791	 2019 	7807 
DE	206791	 2020 	6184 
DE	206986	 2016 	10698 
DE	206986	 2017 	9222 
DE	206986	 2018 	7793 
DE	206986	 2019 	6411 
DE	206986	 2020 	5078 
DE	207007	 2014 	3029 
DE	207007	 2015 	27242 
DE	207007	 2016 	26751 
DE	207007	 2017 	26260 
DE	207007	 2018 	25769 
DE	207007	 2019 	25278 
DE	207007	 2020 	24787 
DE	207008	 2014 	2111 
DE	207008	 2015 	2074 
DE	207008	 2016 	2036 
DE	207008	 2017 	1999 
DE	207008	 2018 	1962 
DE	207008	 2019 	1924 
DE	207008	 2020 	1887 
